[{"stream_name":"stderr","time":9.141685156,"data":"/usr/local/lib/python3.12/dist-packages/nbformat/__init__.py:96: MissingIDFieldWarning: Cell is missing an id field, this will become a hard error in future nbformat versions. You may want to use `normalize()` on your notebooks before validations (available since nbformat 5.1.4). Previous versions of nbformat are fixing this issue transparently, and will stop doing so in the future.\n"}
,{"stream_name":"stderr","time":9.141755235,"data":"  validate(nb)\n"}
,{"stream_name":"stderr","time":10.432113141,"data":"0.00s - Debugger warning: It seems that frozen modules are being used, which may\n"}
,{"stream_name":"stderr","time":10.432164611,"data":"0.00s - make the debugger miss breakpoints. Please pass -Xfrozen_modules=off\n"}
,{"stream_name":"stderr","time":10.432170981,"data":"0.00s - to python to disable frozen modules.\n"}
,{"stream_name":"stderr","time":10.432175452,"data":"0.00s - Note: Debugging will proceed. Set PYDEVD_DISABLE_FILE_VALIDATION=1 to disable this validation.\n"}
,{"stream_name":"stderr","time":11.378793442,"data":"0.00s - Debugger warning: It seems that frozen modules are being used, which may\n"}
,{"stream_name":"stderr","time":11.378874002,"data":"0.00s - make the debugger miss breakpoints. Please pass -Xfrozen_modules=off\n"}
,{"stream_name":"stderr","time":11.378993035,"data":"0.00s - to python to disable frozen modules.\n"}
,{"stream_name":"stderr","time":11.378999235,"data":"0.00s - Note: Debugging will proceed. Set PYDEVD_DISABLE_FILE_VALIDATION=1 to disable this validation.\n"}
,{"stream_name":"stdout","time":12.871359565,"data":"[t+   0.0 min] runtime guard aktif | budget=10.5 jam | BLAS threads=1\n"}
,{"stream_name":"stdout","time":14.186605502,"data":"Mesin : x86_64 | CPU: 4\n"}
,{"stream_name":"stdout","time":14.186649734,"data":"Window N : [200, 700, 1000] | T skala : 10 -\u003e fitur EDM = 4T = 40\n"}
,{"stream_name":"stdout","time":14.186657228,"data":"Metode   : ['EDM-Fuzzy', 'JSD-Fuzzy'] | K-Fold : 5 | MAX_PER_CLASS : 100\n"}
,{"stream_name":"stdout","time":14.666527882,"data":"Sumber data: unduh -\u003e https://raw.githubusercontent.com/vousmeevoyez/public-files/refs/heads/main/data_sensor.csv\n"}
,{"stream_name":"stdout","time":21.064668135,"data":"Baris akuisisi: 281721 | kolom sensor: ['kelembaban1', 'kelembaban2', 'kelembaban3', 'kelembaban4']\n"}
,{"stream_name":"stdout","time":21.064715507,"data":"Rentang waktu : 2025-09-14 14:50:07+00:00 -\u003e 2025-12-21 10:30:07+00:00\n"}
,{"stream_name":"stdout","time":21.485176699,"data":"Tabel broker: (281721, 4) | 4 kanal terpisah (tidak difusikan)\n"}
,{"stream_name":"stdout","time":21.598819014,"data":"Interval antar-sampel (detik):\n"}
,{"stream_name":"stdout","time":21.598877844,"data":"30.0    281720\n"}
,{"stream_name":"stdout","time":21.598884882,"data":"Stempel waktu ganda: 0\n"}
,{"stream_name":"stdout","time":21.59888927,"data":"\n"}
,{"stream_name":"stdout","time":21.598893262,"data":"Preprocessing laju sampling: rata-rata per 5min -\u003e 281721 baris menjadi 28173 baris\n"}
,{"stream_name":"stdout","time":21.598897969,"data":"\n"}
,{"stream_name":"stdout","time":21.59890177,"data":"Setelah sinkronisasi: (28173, 4) pada grid 300 detik (0 slot ditambal interpolasi waktu)\n"}
,{"stream_name":"stdout","time":21.598905916,"data":"Rentang total: 97.8 hari\n"}
,{"stream_name":"stdout","time":21.598909853,"data":"S1..S4 sekarang berbagi sumbu waktu yang sama.\n"}
,{"stream_name":"stdout","time":21.59891384,"data":"  N=  200 -\u003e  0.69 hari per window, 280 window tersedia per kondisi\n"}
,{"stream_name":"stdout","time":21.598918143,"data":"  N=  700 -\u003e  2.43 hari per window, 79 window tersedia per kondisi\n"}
,{"stream_name":"stdout","time":21.598964267,"data":"  N= 1000 -\u003e  3.47 hari per window, 55 window tersedia per kondisi\n"}
,{"stream_name":"stdout","time":21.707004650000002,"data":"=== Laporan mutu data (validasi + pembersihan) ===\n"}
,{"stream_name":"stdout","time":21.707088345,"data":"      Kolom  n_baris_30s  NaN  Min   Max  Di_luar_0_100  Macet_terpanjang  Pencilan_z6  n_baris_5menit  NaN_setelah_bersih\n"}
,{"stream_name":"stdout","time":21.707097929,"data":"kelembaban1       281721    0 19.0  96.0              0              2918           13           28173                   0\n"}
,{"stream_name":"stdout","time":21.70710312,"data":"kelembaban2       281721    0  7.0  94.0              0              3231            0           28173                   0\n"}
,{"stream_name":"stdout","time":21.707107784,"data":"kelembaban3       281721    0  2.0  81.0              0              3083            0           28173                   0\n"}
,{"stream_name":"stdout","time":21.707116571,"data":"kelembaban4       281721    0  0.0 100.0              0              5399            0           28173                   0\n"}
,{"stream_name":"stdout","time":21.709885886,"data":"\n"}
,{"stream_name":"stdout","time":21.709927051,"data":"Stempel waktu ganda dibuang : 0\n"}
,{"stream_name":"stdout","time":21.709935553,"data":"Slot grid yang bolong lalu ditambal interpolasi waktu : 0\n"}
,{"stream_name":"stdout","time":21.709940588,"data":"Baris: 281721 (30 detik) -\u003e 281721 (setelah buang ganda) -\u003e 28173 (rata-rata 5 menit, grid seragam)\n"}
,{"stream_name":"stdout","time":21.709946232,"data":"Tidak ada baris yang dibuang karena 'aneh' — pencilan \u0026 pembacaan macet hanya DILAPORKAN, karena justru itu bahan penelitian fault.\n"}
,{"stream_name":"stdout","time":22.55635114,"data":"Kondisi: 16 fault + normal = 17\n"}
,{"stream_name":"stdout","time":24.185322931,"data":"N=   200 | window=(1700, 200, 4) | kondisi terisi=17 | blok waktu=140 | prevalensi sensor=[0.61 0.57 0.6  0.6 ]\n"}
,{"stream_name":"stdout","time":25.530718308,"data":"N=   700 | window=(1679, 700, 4) | kondisi terisi=17 | blok waktu= 40 | prevalensi sensor=[0.63 0.57 0.59 0.59]\n"}
,{"stream_name":"stdout","time":26.639340045,"data":"N=  1000 | window=(1655, 1000, 4) | kondisi terisi=17 | blok waktu= 28 | prevalensi sensor=[0.64 0.59 0.6  0.6 ]\n"}
,{"stream_name":"stdout","time":26.676995652,"data":"=== Konversi panjang window: satuan diagram vs satuan notebook ===\n"}
,{"stream_name":"stdout","time":26.677039563,"data":" N_diagram_30detik  N_notebook_5menit  Durasi_jam  Durasi_hari  Window_tersedia_per_kondisi\n"}
,{"stream_name":"stdout","time":26.67704509,"data":"              2000                200       16.67         0.69                          280\n"}
,{"stream_name":"stdout","time":26.677049711,"data":"              7000                700       58.33         2.43                           79\n"}
,{"stream_name":"stdout","time":26.677054049,"data":"             10000               1000       83.33         3.47                           55\n"}
,{"stream_name":"stdout","time":26.683587378,"data":"  [andai] N= 2000 sampel pada laju 300s -\u003e   6.9 hari/window, 27 window untuk SELURUH rekaman (28173 sampel) -\u003e CV 5-fold bisa\n"}
,{"stream_name":"stdout","time":26.683638729,"data":"  [andai] N= 7000 sampel pada laju 300s -\u003e  24.3 hari/window, 7 window untuk SELURUH rekaman (28173 sampel) -\u003e CV 5-fold TIDAK bisa\n"}
,{"stream_name":"stdout","time":26.683644456,"data":"  [andai] N=10000 sampel pada laju 300s -\u003e  34.7 hari/window, 4 window untuk SELURUH rekaman (28173 sampel) -\u003e CV 5-fold TIDAK bisa\n"}
,{"stream_name":"stdout","time":26.683647738,"data":"\n"}
,{"stream_name":"stdout","time":26.683650629,"data":"=== Akuntansi window: apa yang dibentuk, apa yang dibuang ===\n"}
,{"stream_name":"stdout","time":26.683703061,"data":" N_window  stride  window_per_kondisi  sampel_sisa_ekor  window_dibentuk  dibuang_fault\u003c=1%  window_setengah_jadi\n"}
,{"stream_name":"stdout","time":26.683717344,"data":"      200     100                 280                73            36120                  0                     0\n"}
,{"stream_name":"stdout","time":26.683722201,"data":"      700     350                  79               173            10191                  0                     0\n"}
,{"stream_name":"stdout","time":26.683726811,"data":"     1000     500                  55               173             7095                  0                     0\n"}
,{"stream_name":"stdout","time":26.686567143,"data":"Baca: 'window_setengah_jadi' selalu 0 -\u003e tidak pernah ada window dengan sampel kurang dari N; sisa ekor rekaman tidak dijadikan window sama sekali.\n"}
,{"stream_name":"stdout","time":26.686607651,"data":"Satu-satunya window yang dibuang: porsi sampel ter-fault \u003c= 1% (kolom 'dibuang_fault\u003c=1%').\n"}
,{"stream_name":"stdout","time":26.722792788,"data":"N=  200 | prevalensi per sensor=[0.612 0.566 0.598 0.596] | korelasi antar-label maks=0.29 | pasangan kembar=tidak ada\n"}
,{"stream_name":"stdout","time":26.722888946,"data":"N=  700 | prevalensi per sensor=[0.628 0.572 0.587 0.587] | korelasi antar-label maks=0.31 | pasangan kembar=tidak ada\n"}
,{"stream_name":"stdout","time":26.722897773,"data":"N= 1000 | prevalensi per sensor=[0.641 0.591 0.602 0.601] | korelasi antar-label maks=0.31 | pasangan kembar=tidak ada\n"}
,{"stream_name":"stdout","time":26.722902466,"data":"\n"}
,{"stream_name":"stdout","time":26.722906713,"data":"Kalau tidak ada pasangan kembar: keempat label sensor saling bebas, jadi tabel §10 dan §10b sah dibaca per sensor.\n"}
,{"stream_name":"stdout","time":26.790416438,"data":"Skala tau: [1, 2, 3, 4, 5, 6, 7, 8, 9, 10] -\u003e EDM-Fuzzy menghasilkan 10 fitur per sensor\n"}
,{"stream_name":"stdout","time":26.937287569,"data":"[t+   0.2 min] ekstraksi fitur | N=200 | EDM-Fuzzy | 1700 window\n"}
,{"stream_name":"stderr","time":48.071045263,"data":"2026-07-21 12:47:22,811 | INFO | Fitur EDM-Fuzzy N=200 | wall=21.13s cpu=12.92s peak_mem=10.6 MB\n"}
,{"stream_name":"stderr","time":48.071147177,"data":"\n"}
,{"stream_name":"stderr","time":48.071156885,"data":"2026-07-21 12:47:22,811 | INFO | Fitur EDM-Fuzzy N=200 | wall=21.13s cpu=12.92s peak_mem=10.6 MB\n"}
,{"stream_name":"stdout","time":48.073430425,"data":"  N=200 EDM-Fuzzy  -\u003e fitur (1700, 40)  (12.43 ms/window)\n"}
,{"stream_name":"stdout","time":48.073475827,"data":"[t+   0.6 min] ekstraksi fitur | N=200 | JSD-Fuzzy | 1700 window\n"}
,{"stream_name":"stderr","time":83.637496304,"data":"2026-07-21 12:47:58,366 | INFO | Fitur JSD-Fuzzy N=200 | wall=35.55s cpu=25.73s peak_mem=10.4 MB\n"}
,{"stream_name":"stderr","time":83.637541793,"data":"\n"}
,{"stream_name":"stderr","time":83.637548812,"data":"2026-07-21 12:47:58,366 | INFO | Fitur JSD-Fuzzy N=200 | wall=35.55s cpu=25.73s peak_mem=10.4 MB\n"}
,{"stream_name":"stdout","time":83.638798667,"data":"  N=200 JSD-Fuzzy  -\u003e fitur (1700, 160)  (20.91 ms/window)\n"}
,{"stream_name":"stdout","time":83.638828994,"data":"[t+   1.2 min] ekstraksi fitur | N=700 | EDM-Fuzzy | 1679 window\n"}
,{"stream_name":"stderr","time":123.642949655,"data":"2026-07-21 12:48:38,369 | INFO | Fitur EDM-Fuzzy N=700 | wall=40.00s cpu=25.07s peak_mem=32.0 MB\n"}
,{"stream_name":"stderr","time":123.642996964,"data":"\n"}
,{"stream_name":"stderr","time":123.643004049,"data":"2026-07-21 12:48:38,369 | INFO | Fitur EDM-Fuzzy N=700 | wall=40.00s cpu=25.07s peak_mem=32.0 MB\n"}
,{"stream_name":"stdout","time":123.644202254,"data":"  N=700 EDM-Fuzzy  -\u003e fitur (1679, 40)  (23.82 ms/window)\n"}
,{"stream_name":"stdout","time":123.644240747,"data":"[t+   1.8 min] ekstraksi fitur | N=700 | JSD-Fuzzy | 1679 window\n"}
,{"stream_name":"stderr","time":198.934811797,"data":"2026-07-21 12:49:53,662 | INFO | Fitur JSD-Fuzzy N=700 | wall=75.29s cpu=51.73s peak_mem=32.0 MB\n"}
,{"stream_name":"stderr","time":198.93489168,"data":"\n"}
,{"stream_name":"stderr","time":198.93490048,"data":"2026-07-21 12:49:53,662 | INFO | Fitur JSD-Fuzzy N=700 | wall=75.29s cpu=51.73s peak_mem=32.0 MB\n"}
,{"stream_name":"stdout","time":198.936308786,"data":"  N=700 JSD-Fuzzy  -\u003e fitur (1679, 160)  (44.84 ms/window)\n"}
,{"stream_name":"stdout","time":198.936346775,"data":"[t+   3.1 min] ekstraksi fitur | N=1000 | EDM-Fuzzy | 1655 window\n"}
,{"stream_name":"stderr","time":247.924352376,"data":"2026-07-21 12:50:42,652 | INFO | Fitur EDM-Fuzzy N=1000 | wall=48.99s cpu=25.38s peak_mem=32.1 MB\n"}
,{"stream_name":"stderr","time":247.924394103,"data":"\n"}
,{"stream_name":"stderr","time":247.924400548,"data":"2026-07-21 12:50:42,652 | INFO | Fitur EDM-Fuzzy N=1000 | wall=48.99s cpu=25.38s peak_mem=32.1 MB\n"}
,{"stream_name":"stdout","time":247.925602168,"data":"  N=1000 EDM-Fuzzy  -\u003e fitur (1655, 40)  (29.6 ms/window)\n"}
,{"stream_name":"stdout","time":247.925635535,"data":"[t+   3.9 min] ekstraksi fitur | N=1000 | JSD-Fuzzy | 1655 window\n"}
,{"stream_name":"stderr","time":337.766178793,"data":"2026-07-21 12:52:12,489 | INFO | Fitur JSD-Fuzzy N=1000 | wall=89.83s cpu=51.02s peak_mem=32.0 MB\n"}
,{"stream_name":"stderr","time":337.76623,"data":"\n"}
,{"stream_name":"stderr","time":337.766237458,"data":"2026-07-21 12:52:12,489 | INFO | Fitur JSD-Fuzzy N=1000 | wall=89.83s cpu=51.02s peak_mem=32.0 MB\n"}
,{"stream_name":"stdout","time":337.767745168,"data":"  N=1000 JSD-Fuzzy  -\u003e fitur (1655, 160)  (54.28 ms/window)\n"}
,{"stream_name":"stdout","time":337.76778927,"data":"\n"}
,{"stream_name":"stdout","time":337.767794759,"data":"=== Ongkos ekstraksi fitur (kotak entropy + konkatenasi) ===\n"}
,{"stream_name":"stdout","time":337.767798822,"data":" N_window    Metode  n_window  n_fitur  wall_s  cpu_s  peak_mem_mb  ms_per_window\n"}
,{"stream_name":"stdout","time":337.767802802,"data":"      200 EDM-Fuzzy      1700       40   21.13  12.92         10.6          12.43\n"}
,{"stream_name":"stdout","time":337.767806436,"data":"      200 JSD-Fuzzy      1700      160   35.55  25.73         10.4          20.91\n"}
,{"stream_name":"stdout","time":337.767810084,"data":"      700 EDM-Fuzzy      1679       40   40.00  25.07         32.0          23.82\n"}
,{"stream_name":"stdout","time":337.76781365,"data":"      700 JSD-Fuzzy      1679      160   75.29  51.73         32.0          44.84\n"}
,{"stream_name":"stdout","time":337.767817264,"data":"     1000 EDM-Fuzzy      1655       40   48.99  25.38         32.1          29.60\n"}
,{"stream_name":"stdout","time":337.76782087,"data":"     1000 JSD-Fuzzy      1655      160   89.83  51.02         32.0          54.28\n"}
,{"stream_name":"stdout","time":340.805810457,"data":"--- N=200 ---\n"}
,{"stream_name":"stdout","time":340.805863759,"data":"  S1_Normal_vs_Faulty    C=2 n=  200 {np.int64(0): np.int64(100), np.int64(1): np.int64(100)}\n"}
,{"stream_name":"stdout","time":340.805871189,"data":"  S2_Fault_Tunggal       C=5 n=  500 {np.int64(0): np.int64(100), np.int64(1): np.int64(100), np.int64(2): np.int64(100), np.int64(3): np.int64(100), np.int64(4): np.int64(100)}\n"}
,{"stream_name":"stdout","time":340.805877251,"data":"  S3_Dua_Fault           C=7 n=  700 {np.int64(0): np.int64(100), np.int64(1): np.int64(100), np.int64(2): np.int64(100), np.int64(3): np.int64(100), np.int64(4): np.int64(100), np.int64(5): np.int64(100), np.int64(6): np.int64(100)}\n"}
,{"stream_name":"stdout","time":340.80591195,"data":"  S4_Tiga_Fault          C=5 n=  500 {np.int64(0): np.int64(100), np.int64(1): np.int64(100), np.int64(2): np.int64(100), np.int64(3): np.int64(100), np.int64(4): np.int64(100)}\n"}
,{"stream_name":"stdout","time":340.805917852,"data":"  S5_Empat_Fault         C=2 n=  200 {np.int64(0): np.int64(100), np.int64(1): np.int64(100)}\n"}
,{"stream_name":"stdout","time":340.80592185,"data":"--- N=700 ---\n"}
,{"stream_name":"stdout","time":340.805926627,"data":"  S1_Normal_vs_Faulty    C=2 n=  158 {np.int64(0): np.int64(79), np.int64(1): np.int64(79)}\n"}
,{"stream_name":"stdout","time":340.805931775,"data":"  S2_Fault_Tunggal       C=5 n=  395 {np.int64(0): np.int64(79), np.int64(1): np.int64(79), np.int64(2): np.int64(79), np.int64(3): np.int64(79), np.int64(4): np.int64(79)}\n"}
,{"stream_name":"stdout","time":340.805936975,"data":"  S3_Dua_Fault           C=7 n=  553 {np.int64(0): np.int64(79), np.int64(1): np.int64(79), np.int64(2): np.int64(79), np.int64(3): np.int64(79), np.int64(4): np.int64(79), np.int64(5): np.int64(79), np.int64(6): np.int64(79)}\n"}
,{"stream_name":"stdout","time":340.805942241,"data":"  S4_Tiga_Fault          C=5 n=  395 {np.int64(0): np.int64(79), np.int64(1): np.int64(79), np.int64(2): np.int64(79), np.int64(3): np.int64(79), np.int64(4): np.int64(79)}\n"}
,{"stream_name":"stdout","time":340.805946607,"data":"  S5_Empat_Fault         C=2 n=  158 {np.int64(0): np.int64(79), np.int64(1): np.int64(79)}\n"}
,{"stream_name":"stdout","time":340.805950824,"data":"--- N=1000 ---\n"}
,{"stream_name":"stdout","time":340.805954744,"data":"  S1_Normal_vs_Faulty    C=2 n=  110 {np.int64(0): np.int64(55), np.int64(1): np.int64(55)}\n"}
,{"stream_name":"stdout","time":340.805958978,"data":"  S2_Fault_Tunggal       C=5 n=  275 {np.int64(0): np.int64(55), np.int64(1): np.int64(55), np.int64(2): np.int64(55), np.int64(3): np.int64(55), np.int64(4): np.int64(55)}\n"}
,{"stream_name":"stdout","time":340.805965097,"data":"  S3_Dua_Fault           C=7 n=  385 {np.int64(0): np.int64(55), np.int64(1): np.int64(55), np.int64(2): np.int64(55), np.int64(3): np.int64(55), np.int64(4): np.int64(55), np.int64(5): np.int64(55), np.int64(6): np.int64(55)}\n"}
,{"stream_name":"stdout","time":340.805978299,"data":"  S4_Tiga_Fault          C=5 n=  275 {np.int64(0): np.int64(55), np.int64(1): np.int64(55), np.int64(2): np.int64(55), np.int64(3): np.int64(55), np.int64(4): np.int64(55)}\n"}
,{"stream_name":"stdout","time":340.805983993,"data":"  S5_Empat_Fault         C=2 n=  110 {np.int64(0): np.int64(55), np.int64(1): np.int64(55)}\n"}
,{"stream_name":"stdout","time":340.847497969,"data":"ANN-LM: lbfgs | grid hidden: 8 x aktivasi: 2 = 16 kombinasi | outer CV: 5 fold grouped\n"}
,{"stream_name":"stdout","time":340.890423046,"data":"[t+   5.5 min] ANN-LM | N=200 | S1_Normal_vs_Faulty | EDM-Fuzzy\n"}
,{"stream_name":"stdout","time":368.95459515,"data":"  N=200 S1_Normal_vs_Faulty    EDM-Fuzzy  F1=0.573±0.033 acc=0.576 | cpu=8s\n"}
,{"stream_name":"stdout","time":368.954648057,"data":"[t+   5.9 min] ANN-LM | N=200 | S1_Normal_vs_Faulty | JSD-Fuzzy\n"}
,{"stream_name":"stdout","time":379.627529396,"data":"  N=200 S1_Normal_vs_Faulty    JSD-Fuzzy  F1=0.707±0.066 acc=0.710 | cpu=8s\n"}
,{"stream_name":"stdout","time":379.62758832,"data":"[t+   6.1 min] ANN-LM | N=200 | S2_Fault_Tunggal | EDM-Fuzzy\n"}
,{"stream_name":"stderr","time":398.578974066,"data":"/usr/local/lib/python3.12/dist-packages/sklearn/neural_network/_multilayer_perceptron.py:546: ConvergenceWarning: lbfgs failed to converge (status=1):\n"}
,{"stream_name":"stderr","time":398.579026517,"data":"STOP: TOTAL NO. OF ITERATIONS REACHED LIMIT.\n"}
,{"stream_name":"stderr","time":398.579053927,"data":"\n"}
,{"stream_name":"stderr","time":398.579059439,"data":"Increase the number of iterations (max_iter) or scale the data as shown in:\n"}
,{"stream_name":"stderr","time":398.57908397,"data":"    https://scikit-learn.org/stable/modules/preprocessing.html\n"}
,{"stream_name":"stderr","time":398.579094689,"data":"  self.n_iter_ = _check_optimize_result(\"lbfgs\", opt_res, self.max_iter)\n"}
,{"stream_name":"stderr","time":398.784741523,"data":"/usr/local/lib/python3.12/dist-packages/sklearn/neural_network/_multilayer_perceptron.py:546: ConvergenceWarning: lbfgs failed to converge (status=1):\n"}
,{"stream_name":"stderr","time":398.784788091,"data":"STOP: TOTAL NO. OF ITERATIONS REACHED LIMIT.\n"}
,{"stream_name":"stderr","time":398.784794189,"data":"\n"}
,{"stream_name":"stderr","time":398.784798904,"data":"Increase the number of iterations (max_iter) or scale the data as shown in:\n"}
,{"stream_name":"stderr","time":398.7848038,"data":"    https://scikit-learn.org/stable/modules/preprocessing.html\n"}
,{"stream_name":"stderr","time":398.784808763,"data":"  self.n_iter_ = _check_optimize_result(\"lbfgs\", opt_res, self.max_iter)\n"}
,{"stream_name":"stderr","time":398.784814241,"data":"\n"}
,{"stream_name":"stderr","time":398.787295236,"data":"/usr/local/lib/python3.12/dist-packages/sklearn/neural_network/_multilayer_perceptron.py:546: ConvergenceWarning: lbfgs failed to converge (status=1):\n"}
,{"stream_name":"stderr","time":398.787348001,"data":"STOP: TOTAL NO. OF ITERATIONS REACHED LIMIT.\n"}
,{"stream_name":"stderr","time":398.787356226,"data":"\n"}
,{"stream_name":"stderr","time":398.78736166,"data":"Increase the number of iterations (max_iter) or scale the data as shown in:\n"}
,{"stream_name":"stderr","time":398.787366605,"data":"    https://scikit-learn.org/stable/modules/preprocessing.html\n"}
,{"stream_name":"stderr","time":398.787370803,"data":"  self.n_iter_ = _check_optimize_result(\"lbfgs\", opt_res, self.max_iter)\n"}
,{"stream_name":"stderr","time":400.216637915,"data":"/usr/local/lib/python3.12/dist-packages/sklearn/neural_network/_multilayer_perceptron.py:546: ConvergenceWarning: lbfgs failed to converge (status=1):\n"}
,{"stream_name":"stderr","time":400.216694089,"data":"STOP: TOTAL NO. OF ITERATIONS REACHED LIMIT.\n"}
,{"stream_name":"stderr","time":400.21670204,"data":"\n"}
,{"stream_name":"stderr","time":400.216707213,"data":"Increase the number of iterations (max_iter) or scale the data as shown in:\n"}
,{"stream_name":"stderr","time":400.2167124,"data":"    https://scikit-learn.org/stable/modules/preprocessing.html\n"}
,{"stream_name":"stderr","time":400.216717387,"data":"  self.n_iter_ = _check_optimize_result(\"lbfgs\", opt_res, self.max_iter)\n"}
,{"stream_name":"stderr","time":400.422660389,"data":"/usr/local/lib/python3.12/dist-packages/sklearn/neural_network/_multilayer_perceptron.py:546: ConvergenceWarning: lbfgs failed to converge (status=1):\n"}
,{"stream_name":"stderr","time":400.422711509,"data":"STOP: TOTAL NO. OF ITERATIONS REACHED LIMIT.\n"}
,{"stream_name":"stderr","time":400.422719647,"data":"\n"}
,{"stream_name":"stderr","time":400.422725843,"data":"Increase the number of iterations (max_iter) or scale the data as shown in:\n"}
,{"stream_name":"stderr","time":400.422731943,"data":"    https://scikit-learn.org/stable/modules/preprocessing.html\n"}
,{"stream_name":"stderr","time":400.422738046,"data":"  self.n_iter_ = _check_optimize_result(\"lbfgs\", opt_res, self.max_iter)\n"}
,{"stream_name":"stderr","time":400.422744425,"data":"\n"}
,{"stream_name":"stderr","time":400.422750052,"data":"/usr/local/lib/python3.12/dist-packages/sklearn/neural_network/_multilayer_perceptron.py:546: ConvergenceWarning: lbfgs failed to converge (status=1):\n"}
,{"stream_name":"stderr","time":400.422781165,"data":"STOP: TOTAL NO. OF ITERATIONS REACHED LIMIT.\n"}
,{"stream_name":"stderr","time":400.422786725,"data":"\n"}
,{"stream_name":"stderr","time":400.422791306,"data":"Increase the number of iterations (max_iter) or scale the data as shown in:\n"}
,{"stream_name":"stderr","time":400.422796072,"data":"    https://scikit-learn.org/stable/modules/preprocessing.html\n"}
,{"stream_name":"stderr","time":400.422800526,"data":"  self.n_iter_ = _check_optimize_result(\"lbfgs\", opt_res, self.max_iter)\n"}
,{"stream_name":"stderr","time":415.340019165,"data":"/usr/local/lib/python3.12/dist-packages/sklearn/neural_network/_multilayer_perceptron.py:546: ConvergenceWarning: lbfgs failed to converge (status=1):\n"}
,{"stream_name":"stderr","time":415.340127167,"data":"STOP: TOTAL NO. OF ITERATIONS REACHED LIMIT.\n"}
,{"stream_name":"stderr","time":415.340135717,"data":"\n"}
,{"stream_name":"stderr","time":415.340140686,"data":"Increase the number of iterations (max_iter) or scale the data as shown in:\n"}
,{"stream_name":"stderr","time":415.340144994,"data":"    https://scikit-learn.org/stable/modules/preprocessing.html\n"}
,{"stream_name":"stderr","time":415.340149541,"data":"  self.n_iter_ = _check_optimize_result(\"lbfgs\", opt_res, self.max_iter)\n"}
,{"stream_name":"stderr","time":415.597559298,"data":"/usr/local/lib/python3.12/dist-packages/sklearn/neural_network/_multilayer_perceptron.py:546: ConvergenceWarning: lbfgs failed to converge (status=1):\n"}
,{"stream_name":"stderr","time":415.5976012,"data":"STOP: TOTAL NO. OF ITERATIONS REACHED LIMIT.\n"}
,{"stream_name":"stderr","time":415.597607571,"data":"\n"}
,{"stream_name":"stderr","time":415.597612631,"data":"Increase the number of iterations (max_iter) or scale the data as shown in:\n"}
,{"stream_name":"stderr","time":415.597617086,"data":"    https://scikit-learn.org/stable/modules/preprocessing.html\n"}
,{"stream_name":"stderr","time":415.597621825,"data":"  self.n_iter_ = _check_optimize_result(\"lbfgs\", opt_res, self.max_iter)\n"}
,{"stream_name":"stderr","time":415.597626715,"data":"\n"}
,{"stream_name":"stderr","time":415.597631061,"data":"/usr/local/lib/python3.12/dist-packages/sklearn/neural_network/_multilayer_perceptron.py:546: ConvergenceWarning: lbfgs failed to converge (status=1):\n"}
,{"stream_name":"stderr","time":415.597636124,"data":"STOP: TOTAL NO. OF ITERATIONS REACHED LIMIT.\n"}
,{"stream_name":"stderr","time":415.597640669,"data":"\n"}
,{"stream_name":"stderr","time":415.597644863,"data":"Increase the number of iterations (max_iter) or scale the data as shown in:\n"}
,{"stream_name":"stderr","time":415.597649433,"data":"    https://scikit-learn.org/stable/modules/preprocessing.html\n"}
,{"stream_name":"stderr","time":415.597653706,"data":"  self.n_iter_ = _check_optimize_result(\"lbfgs\", opt_res, self.max_iter)\n"}
,{"stream_name":"stderr","time":417.189676849,"data":"/usr/local/lib/python3.12/dist-packages/sklearn/neural_network/_multilayer_perceptron.py:546: ConvergenceWarning: lbfgs failed to converge (status=1):\n"}
,{"stream_name":"stderr","time":417.189778115,"data":"STOP: TOTAL NO. OF ITERATIONS REACHED LIMIT.\n"}
,{"stream_name":"stderr","time":417.189784872,"data":"\n"}
,{"stream_name":"stderr","time":417.189788872,"data":"Increase the number of iterations (max_iter) or scale the data as shown in:\n"}
,{"stream_name":"stderr","time":417.1898142,"data":"    https://scikit-learn.org/stable/modules/preprocessing.html\n"}
,{"stream_name":"stderr","time":417.18981925,"data":"  self.n_iter_ = _check_optimize_result(\"lbfgs\", opt_res, self.max_iter)\n"}
,{"stream_name":"stderr","time":417.394806956,"data":"/usr/local/lib/python3.12/dist-packages/sklearn/neural_network/_multilayer_perceptron.py:546: ConvergenceWarning: lbfgs failed to converge (status=1):\n"}
,{"stream_name":"stderr","time":417.394866922,"data":"STOP: TOTAL NO. OF ITERATIONS REACHED LIMIT.\n"}
,{"stream_name":"stderr","time":417.394874808,"data":"\n"}
,{"stream_name":"stderr","time":417.394879771,"data":"Increase the number of iterations (max_iter) or scale the data as shown in:\n"}
,{"stream_name":"stderr","time":417.394884712,"data":"    https://scikit-learn.org/stable/modules/preprocessing.html\n"}
,{"stream_name":"stderr","time":417.394889567,"data":"  self.n_iter_ = _check_optimize_result(\"lbfgs\", opt_res, self.max_iter)\n"}
,{"stream_name":"stderr","time":417.39489479,"data":"\n"}
,{"stream_name":"stderr","time":417.3973813,"data":"/usr/local/lib/python3.12/dist-packages/sklearn/neural_network/_multilayer_perceptron.py:546: ConvergenceWarning: lbfgs failed to converge (status=1):\n"}
,{"stream_name":"stderr","time":417.397458705,"data":"STOP: TOTAL NO. OF ITERATIONS REACHED LIMIT.\n"}
,{"stream_name":"stderr","time":417.397465361,"data":"\n"}
,{"stream_name":"stderr","time":417.397470121,"data":"Increase the number of iterations (max_iter) or scale the data as shown in:\n"}
,{"stream_name":"stderr","time":417.397475617,"data":"    https://scikit-learn.org/stable/modules/preprocessing.html\n"}
,{"stream_name":"stderr","time":417.397480568,"data":"  self.n_iter_ = _check_optimize_result(\"lbfgs\", opt_res, self.max_iter)\n"}
,{"stream_name":"stderr","time":418.185490604,"data":"/usr/local/lib/python3.12/dist-packages/sklearn/neural_network/_multilayer_perceptron.py:546: ConvergenceWarning: lbfgs failed to converge (status=1):\n"}
,{"stream_name":"stderr","time":418.185535132,"data":"STOP: TOTAL NO. OF ITERATIONS REACHED LIMIT.\n"}
,{"stream_name":"stderr","time":418.185543317,"data":"\n"}
,{"stream_name":"stderr","time":418.185550381,"data":"Increase the number of iterations (max_iter) or scale the data as shown in:\n"}
,{"stream_name":"stderr","time":418.185555881,"data":"    https://scikit-learn.org/stable/modules/preprocessing.html\n"}
,{"stream_name":"stderr","time":418.185560694,"data":"  self.n_iter_ = _check_optimize_result(\"lbfgs\", opt_res, self.max_iter)\n"}
,{"stream_name":"stderr","time":418.391827811,"data":"/usr/local/lib/python3.12/dist-packages/sklearn/neural_network/_multilayer_perceptron.py:546: ConvergenceWarning: lbfgs failed to converge (status=1):\n"}
,{"stream_name":"stderr","time":418.394238971,"data":"STOP: TOTAL NO. OF ITERATIONS REACHED LIMIT.\n"}
,{"stream_name":"stderr","time":418.394263498,"data":"\n"}
,{"stream_name":"stderr","time":418.394268854,"data":"Increase the number of iterations (max_iter) or scale the data as shown in:\n"}
,{"stream_name":"stderr","time":418.394274804,"data":"    https://scikit-learn.org/stable/modules/preprocessing.html\n"}
,{"stream_name":"stderr","time":418.39428006,"data":"  self.n_iter_ = _check_optimize_result(\"lbfgs\", opt_res, self.max_iter)\n"}
,{"stream_name":"stderr","time":418.394285047,"data":"\n"}
,{"stream_name":"stderr","time":418.394295604,"data":"/usr/local/lib/python3.12/dist-packages/sklearn/neural_network/_multilayer_perceptron.py:546: ConvergenceWarning: lbfgs failed to converge (status=1):\n"}
,{"stream_name":"stderr","time":418.394301178,"data":"STOP: TOTAL NO. OF ITERATIONS REACHED LIMIT.\n"}
,{"stream_name":"stderr","time":418.394305836,"data":"\n"}
,{"stream_name":"stderr","time":418.394310164,"data":"Increase the number of iterations (max_iter) or scale the data as shown in:\n"}
,{"stream_name":"stderr","time":418.394314705,"data":"    https://scikit-learn.org/stable/modules/preprocessing.html\n"}
,{"stream_name":"stderr","time":418.394355751,"data":"  self.n_iter_ = _check_optimize_result(\"lbfgs\", opt_res, self.max_iter)\n"}
,{"stream_name":"stderr","time":420.162498198,"data":"/usr/local/lib/python3.12/dist-packages/sklearn/neural_network/_multilayer_perceptron.py:546: ConvergenceWarning: lbfgs failed to converge (status=1):\n"}
,{"stream_name":"stderr","time":420.162544227,"data":"STOP: TOTAL NO. OF ITERATIONS REACHED LIMIT.\n"}
,{"stream_name":"stderr","time":420.162550405,"data":"\n"}
,{"stream_name":"stderr","time":420.162555101,"data":"Increase the number of iterations (max_iter) or scale the data as shown in:\n"}
,{"stream_name":"stderr","time":420.162559973,"data":"    https://scikit-learn.org/stable/modules/preprocessing.html\n"}
,{"stream_name":"stderr","time":420.162564853,"data":"  self.n_iter_ = _check_optimize_result(\"lbfgs\", opt_res, self.max_iter)\n"}
,{"stream_name":"stderr","time":420.367579327,"data":"/usr/local/lib/python3.12/dist-packages/sklearn/neural_network/_multilayer_perceptron.py:546: ConvergenceWarning: lbfgs failed to converge (status=1):\n"}
,{"stream_name":"stderr","time":420.367672519,"data":"STOP: TOTAL NO. OF ITERATIONS REACHED LIMIT.\n"}
,{"stream_name":"stderr","time":420.367704106,"data":"\n"}
,{"stream_name":"stderr","time":420.367712355,"data":"Increase the number of iterations (max_iter) or scale the data as shown in:\n"}
,{"stream_name":"stderr","time":420.367717476,"data":"    https://scikit-learn.org/stable/modules/preprocessing.html\n"}
,{"stream_name":"stderr","time":420.367722175,"data":"  self.n_iter_ = _check_optimize_result(\"lbfgs\", opt_res, self.max_iter)\n"}
,{"stream_name":"stderr","time":420.36772673,"data":"\n"}
,{"stream_name":"stderr","time":420.370486471,"data":"/usr/local/lib/python3.12/dist-packages/sklearn/neural_network/_multilayer_perceptron.py:546: ConvergenceWarning: lbfgs failed to converge (status=1):\n"}
,{"stream_name":"stderr","time":420.370533062,"data":"STOP: TOTAL NO. OF ITERATIONS REACHED LIMIT.\n"}
,{"stream_name":"stderr","time":420.37054243,"data":"\n"}
,{"stream_name":"stderr","time":420.370549824,"data":"Increase the number of iterations (max_iter) or scale the data as shown in:\n"}
,{"stream_name":"stderr","time":420.370553874,"data":"    https://scikit-learn.org/stable/modules/preprocessing.html\n"}
,{"stream_name":"stderr","time":420.37056334,"data":"  self.n_iter_ = _check_optimize_result(\"lbfgs\", opt_res, self.max_iter)\n"}
,{"stream_name":"stderr","time":436.703719996,"data":"/usr/local/lib/python3.12/dist-packages/sklearn/neural_network/_multilayer_perceptron.py:546: ConvergenceWarning: lbfgs failed to converge (status=1):\n"}
,{"stream_name":"stderr","time":436.703782943,"data":"STOP: TOTAL NO. OF ITERATIONS REACHED LIMIT.\n"}
,{"stream_name":"stderr","time":436.703792335,"data":"\n"}
,{"stream_name":"stderr","time":436.703798724,"data":"Increase the number of iterations (max_iter) or scale the data as shown in:\n"}
,{"stream_name":"stderr","time":436.703805537,"data":"    https://scikit-learn.org/stable/modules/preprocessing.html\n"}
,{"stream_name":"stderr","time":436.703811536,"data":"  self.n_iter_ = _check_optimize_result(\"lbfgs\", opt_res, self.max_iter)\n"}
,{"stream_name":"stderr","time":436.909929544,"data":"/usr/local/lib/python3.12/dist-packages/sklearn/neural_network/_multilayer_perceptron.py:546: ConvergenceWarning: lbfgs failed to converge (status=1):\n"}
,{"stream_name":"stderr","time":436.910009374,"data":"STOP: TOTAL NO. OF ITERATIONS REACHED LIMIT.\n"}
,{"stream_name":"stderr","time":436.910019727,"data":"\n"}
,{"stream_name":"stderr","time":436.910025358,"data":"Increase the number of iterations (max_iter) or scale the data as shown in:\n"}
,{"stream_name":"stderr","time":436.910055184,"data":"    https://scikit-learn.org/stable/modules/preprocessing.html\n"}
,{"stream_name":"stderr","time":436.910061146,"data":"  self.n_iter_ = _check_optimize_result(\"lbfgs\", opt_res, self.max_iter)\n"}
,{"stream_name":"stderr","time":436.910101296,"data":"\n"}
,{"stream_name":"stderr","time":436.9123205,"data":"/usr/local/lib/python3.12/dist-packages/sklearn/neural_network/_multilayer_perceptron.py:546: ConvergenceWarning: lbfgs failed to converge (status=1):\n"}
,{"stream_name":"stderr","time":436.912362165,"data":"STOP: TOTAL NO. OF ITERATIONS REACHED LIMIT.\n"}
,{"stream_name":"stderr","time":436.912367772,"data":"\n"}
,{"stream_name":"stderr","time":436.912372595,"data":"Increase the number of iterations (max_iter) or scale the data as shown in:\n"}
,{"stream_name":"stderr","time":436.912376807,"data":"    https://scikit-learn.org/stable/modules/preprocessing.html\n"}
,{"stream_name":"stderr","time":436.912381361,"data":"  self.n_iter_ = _check_optimize_result(\"lbfgs\", opt_res, self.max_iter)\n"}
,{"stream_name":"stderr","time":437.490690334,"data":"/usr/local/lib/python3.12/dist-packages/sklearn/neural_network/_multilayer_perceptron.py:546: ConvergenceWarning: lbfgs failed to converge (status=1):\n"}
,{"stream_name":"stderr","time":437.490870642,"data":"STOP: TOTAL NO. OF ITERATIONS REACHED LIMIT.\n"}
,{"stream_name":"stderr","time":437.49089304,"data":"\n"}
,{"stream_name":"stderr","time":437.490898711,"data":"Increase the number of iterations (max_iter) or scale the data as shown in:\n"}
,{"stream_name":"stderr","time":437.490903251,"data":"    https://scikit-learn.org/stable/modules/preprocessing.html\n"}
,{"stream_name":"stderr","time":437.490907328,"data":"  self.n_iter_ = _check_optimize_result(\"lbfgs\", opt_res, self.max_iter)\n"}
,{"stream_name":"stderr","time":437.697343113,"data":"/usr/local/lib/python3.12/dist-packages/sklearn/neural_network/_multilayer_perceptron.py:546: ConvergenceWarning: lbfgs failed to converge (status=1):\n"}
,{"stream_name":"stderr","time":437.697391838,"data":"STOP: TOTAL NO. OF ITERATIONS REACHED LIMIT.\n"}
,{"stream_name":"stderr","time":437.697398375,"data":"\n"}
,{"stream_name":"stderr","time":437.697403211,"data":"Increase the number of iterations (max_iter) or scale the data as shown in:\n"}
,{"stream_name":"stderr","time":437.697407992,"data":"    https://scikit-learn.org/stable/modules/preprocessing.html\n"}
,{"stream_name":"stderr","time":437.697412644,"data":"  self.n_iter_ = _check_optimize_result(\"lbfgs\", opt_res, self.max_iter)\n"}
,{"stream_name":"stderr","time":437.697417087,"data":"\n"}
,{"stream_name":"stderr","time":437.700369166,"data":"/usr/local/lib/python3.12/dist-packages/sklearn/neural_network/_multilayer_perceptron.py:546: ConvergenceWarning: lbfgs failed to converge (status=1):\n"}
,{"stream_name":"stderr","time":437.700447516,"data":"STOP: TOTAL NO. OF ITERATIONS REACHED LIMIT.\n"}
,{"stream_name":"stderr","time":437.700454481,"data":"\n"}
,{"stream_name":"stderr","time":437.700459179,"data":"Increase the number of iterations (max_iter) or scale the data as shown in:\n"}
,{"stream_name":"stderr","time":437.700464053,"data":"    https://scikit-learn.org/stable/modules/preprocessing.html\n"}
,{"stream_name":"stderr","time":437.700468846,"data":"  self.n_iter_ = _check_optimize_result(\"lbfgs\", opt_res, self.max_iter)\n"}
,{"stream_name":"stderr","time":438.616543919,"data":"/usr/local/lib/python3.12/dist-packages/sklearn/neural_network/_multilayer_perceptron.py:546: ConvergenceWarning: lbfgs failed to converge (status=1):\n"}
,{"stream_name":"stderr","time":438.616591324,"data":"STOP: TOTAL NO. OF ITERATIONS REACHED LIMIT.\n"}
,{"stream_name":"stderr","time":438.616618248,"data":"\n"}
,{"stream_name":"stderr","time":438.616623207,"data":"Increase the number of iterations (max_iter) or scale the data as shown in:\n"}
,{"stream_name":"stderr","time":438.616628208,"data":"    https://scikit-learn.org/stable/modules/preprocessing.html\n"}
,{"stream_name":"stderr","time":438.616633068,"data":"  self.n_iter_ = _check_optimize_result(\"lbfgs\", opt_res, self.max_iter)\n"}
,{"stream_name":"stderr","time":438.821848974,"data":"/usr/local/lib/python3.12/dist-packages/sklearn/neural_network/_multilayer_perceptron.py:546: ConvergenceWarning: lbfgs failed to converge (status=1):\n"}
,{"stream_name":"stderr","time":438.821896302,"data":"STOP: TOTAL NO. OF ITERATIONS REACHED LIMIT.\n"}
,{"stream_name":"stderr","time":438.821903136,"data":"\n"}
,{"stream_name":"stderr","time":438.821907589,"data":"Increase the number of iterations (max_iter) or scale the data as shown in:\n"}
,{"stream_name":"stderr","time":438.821912238,"data":"    https://scikit-learn.org/stable/modules/preprocessing.html\n"}
,{"stream_name":"stderr","time":438.821917003,"data":"  self.n_iter_ = _check_optimize_result(\"lbfgs\", opt_res, self.max_iter)\n"}
,{"stream_name":"stderr","time":438.8219223,"data":"\n"}
,{"stream_name":"stderr","time":438.824331823,"data":"/usr/local/lib/python3.12/dist-packages/sklearn/neural_network/_multilayer_perceptron.py:546: ConvergenceWarning: lbfgs failed to converge (status=1):\n"}
,{"stream_name":"stderr","time":438.82438903,"data":"STOP: TOTAL NO. OF ITERATIONS REACHED LIMIT.\n"}
,{"stream_name":"stderr","time":438.824396595,"data":"\n"}
,{"stream_name":"stderr","time":438.82440133,"data":"Increase the number of iterations (max_iter) or scale the data as shown in:\n"}
,{"stream_name":"stderr","time":438.824406335,"data":"    https://scikit-learn.org/stable/modules/preprocessing.html\n"}
,{"stream_name":"stderr","time":438.824411311,"data":"  self.n_iter_ = _check_optimize_result(\"lbfgs\", opt_res, self.max_iter)\n"}
,{"stream_name":"stderr","time":439.450630722,"data":"/usr/local/lib/python3.12/dist-packages/sklearn/neural_network/_multilayer_perceptron.py:546: ConvergenceWarning: lbfgs failed to converge (status=1):\n"}
,{"stream_name":"stderr","time":439.450702454,"data":"STOP: TOTAL NO. OF ITERATIONS REACHED LIMIT.\n"}
,{"stream_name":"stderr","time":439.450709714,"data":"\n"}
,{"stream_name":"stderr","time":439.450714758,"data":"Increase the number of iterations (max_iter) or scale the data as shown in:\n"}
,{"stream_name":"stderr","time":439.450719856,"data":"    https://scikit-learn.org/stable/modules/preprocessing.html\n"}
,{"stream_name":"stderr","time":439.450725154,"data":"  self.n_iter_ = _check_optimize_result(\"lbfgs\", opt_res, self.max_iter)\n"}
,{"stream_name":"stderr","time":439.657022415,"data":"/usr/local/lib/python3.12/dist-packages/sklearn/neural_network/_multilayer_perceptron.py:546: ConvergenceWarning: lbfgs failed to converge (status=1):\n"}
,{"stream_name":"stderr","time":439.657133111,"data":"STOP: TOTAL NO. OF ITERATIONS REACHED LIMIT.\n"}
,{"stream_name":"stderr","time":439.657140397,"data":"\n"}
,{"stream_name":"stderr","time":439.657145741,"data":"Increase the number of iterations (max_iter) or scale the data as shown in:\n"}
,{"stream_name":"stderr","time":439.657150849,"data":"    https://scikit-learn.org/stable/modules/preprocessing.html\n"}
,{"stream_name":"stderr","time":439.657179741,"data":"  self.n_iter_ = _check_optimize_result(\"lbfgs\", opt_res, self.max_iter)\n"}
,{"stream_name":"stderr","time":439.657185424,"data":"\n"}
,{"stream_name":"stderr","time":439.659332204,"data":"/usr/local/lib/python3.12/dist-packages/sklearn/neural_network/_multilayer_perceptron.py:546: ConvergenceWarning: lbfgs failed to converge (status=1):\n"}
,{"stream_name":"stderr","time":439.659418096,"data":"STOP: TOTAL NO. OF ITERATIONS REACHED LIMIT.\n"}
,{"stream_name":"stderr","time":439.65942557,"data":"\n"}
,{"stream_name":"stderr","time":439.659430432,"data":"Increase the number of iterations (max_iter) or scale the data as shown in:\n"}
,{"stream_name":"stderr","time":439.659435565,"data":"    https://scikit-learn.org/stable/modules/preprocessing.html\n"}
,{"stream_name":"stderr","time":439.659440439,"data":"  self.n_iter_ = _check_optimize_result(\"lbfgs\", opt_res, self.max_iter)\n"}
,{"stream_name":"stderr","time":446.81815137,"data":"/usr/local/lib/python3.12/dist-packages/sklearn/neural_network/_multilayer_perceptron.py:546: ConvergenceWarning: lbfgs failed to converge (status=1):\n"}
,{"stream_name":"stderr","time":446.818203827,"data":"STOP: TOTAL NO. OF ITERATIONS REACHED LIMIT.\n"}
,{"stream_name":"stderr","time":446.818210376,"data":"\n"}
,{"stream_name":"stderr","time":446.81821526,"data":"Increase the number of iterations (max_iter) or scale the data as shown in:\n"}
,{"stream_name":"stderr","time":446.81822024,"data":"    https://scikit-learn.org/stable/modules/preprocessing.html\n"}
,{"stream_name":"stderr","time":446.8182246,"data":"  self.n_iter_ = _check_optimize_result(\"lbfgs\", opt_res, self.max_iter)\n"}
,{"stream_name":"stderr","time":447.070673077,"data":"/usr/local/lib/python3.12/dist-packages/sklearn/neural_network/_multilayer_perceptron.py:546: ConvergenceWarning: lbfgs failed to converge (status=1):\n"}
,{"stream_name":"stderr","time":447.07070893,"data":"STOP: TOTAL NO. OF ITERATIONS REACHED LIMIT.\n"}
,{"stream_name":"stderr","time":447.070716083,"data":"\n"}
,{"stream_name":"stderr","time":447.070721429,"data":"Increase the number of iterations (max_iter) or scale the data as shown in:\n"}
,{"stream_name":"stderr","time":447.070727467,"data":"    https://scikit-learn.org/stable/modules/preprocessing.html\n"}
,{"stream_name":"stderr","time":447.070733207,"data":"  self.n_iter_ = _check_optimize_result(\"lbfgs\", opt_res, self.max_iter)\n"}
,{"stream_name":"stderr","time":447.070737595,"data":"\n"}
,{"stream_name":"stderr","time":447.070741725,"data":"/usr/local/lib/python3.12/dist-packages/sklearn/neural_network/_multilayer_perceptron.py:546: ConvergenceWarning: lbfgs failed to converge (status=1):\n"}
,{"stream_name":"stderr","time":447.070746514,"data":"STOP: TOTAL NO. OF ITERATIONS REACHED LIMIT.\n"}
,{"stream_name":"stderr","time":447.070762866,"data":"\n"}
,{"stream_name":"stderr","time":447.070767502,"data":"Increase the number of iterations (max_iter) or scale the data as shown in:\n"}
,{"stream_name":"stderr","time":447.070772228,"data":"    https://scikit-learn.org/stable/modules/preprocessing.html\n"}
,{"stream_name":"stderr","time":447.070777115,"data":"  self.n_iter_ = _check_optimize_result(\"lbfgs\", opt_res, self.max_iter)\n"}
,{"stream_name":"stderr","time":462.111560704,"data":"/usr/local/lib/python3.12/dist-packages/sklearn/neural_network/_multilayer_perceptron.py:546: ConvergenceWarning: lbfgs failed to converge (status=1):\n"}
,{"stream_name":"stderr","time":462.111615058,"data":"STOP: TOTAL NO. OF ITERATIONS REACHED LIMIT.\n"}
,{"stream_name":"stderr","time":462.111623225,"data":"\n"}
,{"stream_name":"stderr","time":462.111629494,"data":"Increase the number of iterations (max_iter) or scale the data as shown in:\n"}
,{"stream_name":"stderr","time":462.111634601,"data":"    https://scikit-learn.org/stable/modules/preprocessing.html\n"}
,{"stream_name":"stderr","time":462.111639329,"data":"  self.n_iter_ = _check_optimize_result(\"lbfgs\", opt_res, self.max_iter)\n"}
,{"stream_name":"stderr","time":462.320168141,"data":"/usr/local/lib/python3.12/dist-packages/sklearn/neural_network/_multilayer_perceptron.py:546: ConvergenceWarning: lbfgs failed to converge (status=1):\n"}
,{"stream_name":"stderr","time":462.320258843,"data":"STOP: TOTAL NO. OF ITERATIONS REACHED LIMIT.\n"}
,{"stream_name":"stderr","time":462.320264851,"data":"\n"}
,{"stream_name":"stderr","time":462.320269579,"data":"Increase the number of iterations (max_iter) or scale the data as shown in:\n"}
,{"stream_name":"stderr","time":462.320274873,"data":"    https://scikit-learn.org/stable/modules/preprocessing.html\n"}
,{"stream_name":"stderr","time":462.320279812,"data":"  self.n_iter_ = _check_optimize_result(\"lbfgs\", opt_res, self.max_iter)\n"}
,{"stream_name":"stderr","time":462.320284837,"data":"\n"}
,{"stream_name":"stderr","time":462.321312003,"data":"/usr/local/lib/python3.12/dist-packages/sklearn/neural_network/_multilayer_perceptron.py:546: ConvergenceWarning: lbfgs failed to converge (status=1):\n"}
,{"stream_name":"stderr","time":462.321347241,"data":"STOP: TOTAL NO. OF ITERATIONS REACHED LIMIT.\n"}
,{"stream_name":"stderr","time":462.321353511,"data":"\n"}
,{"stream_name":"stderr","time":462.321358458,"data":"Increase the number of iterations (max_iter) or scale the data as shown in:\n"}
,{"stream_name":"stderr","time":462.321392027,"data":"    https://scikit-learn.org/stable/modules/preprocessing.html\n"}
,{"stream_name":"stderr","time":462.32139665,"data":"  self.n_iter_ = _check_optimize_result(\"lbfgs\", opt_res, self.max_iter)\n"}
,{"stream_name":"stderr","time":469.620594452,"data":"/usr/local/lib/python3.12/dist-packages/sklearn/neural_network/_multilayer_perceptron.py:546: ConvergenceWarning: lbfgs failed to converge (status=1):\n"}
,{"stream_name":"stderr","time":469.620641152,"data":"STOP: TOTAL NO. OF ITERATIONS REACHED LIMIT.\n"}
,{"stream_name":"stderr","time":469.62064687,"data":"\n"}
,{"stream_name":"stderr","time":469.620651614,"data":"Increase the number of iterations (max_iter) or scale the data as shown in:\n"}
,{"stream_name":"stderr","time":469.620656769,"data":"    https://scikit-learn.org/stable/modules/preprocessing.html\n"}
,{"stream_name":"stderr","time":469.620661304,"data":"  self.n_iter_ = _check_optimize_result(\"lbfgs\", opt_res, self.max_iter)\n"}
,{"stream_name":"stderr","time":469.824809941,"data":"/usr/local/lib/python3.12/dist-packages/sklearn/neural_network/_multilayer_perceptron.py:546: ConvergenceWarning: lbfgs failed to converge (status=1):\n"}
,{"stream_name":"stderr","time":469.824857213,"data":"STOP: TOTAL NO. OF ITERATIONS REACHED LIMIT.\n"}
,{"stream_name":"stderr","time":469.824863988,"data":"\n"}
,{"stream_name":"stderr","time":469.824869222,"data":"Increase the number of iterations (max_iter) or scale the data as shown in:\n"}
,{"stream_name":"stderr","time":469.824875146,"data":"    https://scikit-learn.org/stable/modules/preprocessing.html\n"}
,{"stream_name":"stderr","time":469.824879467,"data":"  self.n_iter_ = _check_optimize_result(\"lbfgs\", opt_res, self.max_iter)\n"}
,{"stream_name":"stderr","time":469.824884233,"data":"\n"}
,{"stream_name":"stderr","time":469.824888262,"data":"/usr/local/lib/python3.12/dist-packages/sklearn/neural_network/_multilayer_perceptron.py:546: ConvergenceWarning: lbfgs failed to converge (status=1):\n"}
,{"stream_name":"stderr","time":469.824893409,"data":"STOP: TOTAL NO. OF ITERATIONS REACHED LIMIT.\n"}
,{"stream_name":"stderr","time":469.824897676,"data":"\n"}
,{"stream_name":"stderr","time":469.824901785,"data":"Increase the number of iterations (max_iter) or scale the data as shown in:\n"}
,{"stream_name":"stderr","time":469.82490632,"data":"    https://scikit-learn.org/stable/modules/preprocessing.html\n"}
,{"stream_name":"stderr","time":469.824933682,"data":"  self.n_iter_ = _check_optimize_result(\"lbfgs\", opt_res, self.max_iter)\n"}
,{"stream_name":"stdout","time":480.384218015,"data":"  N=200 S2_Fault_Tunggal       EDM-Fuzzy  F1=0.359±0.044 acc=0.368 | cpu=80s\n"}
,{"stream_name":"stdout","time":480.384255878,"data":"[t+   7.8 min] ANN-LM | N=200 | S2_Fault_Tunggal | JSD-Fuzzy\n"}
,{"stream_name":"stderr","time":504.222297314,"data":"/usr/local/lib/python3.12/dist-packages/sklearn/neural_network/_multilayer_perceptron.py:546: ConvergenceWarning: lbfgs failed to converge (status=1):\n"}
,{"stream_name":"stderr","time":504.222454486,"data":"STOP: TOTAL NO. OF ITERATIONS REACHED LIMIT.\n"}
,{"stream_name":"stderr","time":504.222490634,"data":"\n"}
,{"stream_name":"stderr","time":504.222497832,"data":"Increase the number of iterations (max_iter) or scale the data as shown in:\n"}
,{"stream_name":"stderr","time":504.222503885,"data":"    https://scikit-learn.org/stable/modules/preprocessing.html\n"}
,{"stream_name":"stderr","time":504.222509472,"data":"  self.n_iter_ = _check_optimize_result(\"lbfgs\", opt_res, self.max_iter)\n"}
,{"stream_name":"stderr","time":504.429905178,"data":"/usr/local/lib/python3.12/dist-packages/sklearn/neural_network/_multilayer_perceptron.py:546: ConvergenceWarning: lbfgs failed to converge (status=1):\n"}
,{"stream_name":"stderr","time":504.429957227,"data":"STOP: TOTAL NO. OF ITERATIONS REACHED LIMIT.\n"}
,{"stream_name":"stderr","time":504.429964756,"data":"\n"}
,{"stream_name":"stderr","time":504.429970292,"data":"Increase the number of iterations (max_iter) or scale the data as shown in:\n"}
,{"stream_name":"stderr","time":504.429976442,"data":"    https://scikit-learn.org/stable/modules/preprocessing.html\n"}
,{"stream_name":"stderr","time":504.429983033,"data":"  self.n_iter_ = _check_optimize_result(\"lbfgs\", opt_res, self.max_iter)\n"}
,{"stream_name":"stderr","time":504.429989476,"data":"\n"}
,{"stream_name":"stderr","time":504.432357461,"data":"/usr/local/lib/python3.12/dist-packages/sklearn/neural_network/_multilayer_perceptron.py:546: ConvergenceWarning: lbfgs failed to converge (status=1):\n"}
,{"stream_name":"stderr","time":504.432415139,"data":"STOP: TOTAL NO. OF ITERATIONS REACHED LIMIT.\n"}
,{"stream_name":"stderr","time":504.432423661,"data":"\n"}
,{"stream_name":"stderr","time":504.432453973,"data":"Increase the number of iterations (max_iter) or scale the data as shown in:\n"}
,{"stream_name":"stderr","time":504.432460384,"data":"    https://scikit-learn.org/stable/modules/preprocessing.html\n"}
,{"stream_name":"stderr","time":504.432466695,"data":"  self.n_iter_ = _check_optimize_result(\"lbfgs\", opt_res, self.max_iter)\n"}
,{"stream_name":"stderr","time":530.557557356,"data":"/usr/local/lib/python3.12/dist-packages/sklearn/neural_network/_multilayer_perceptron.py:546: ConvergenceWarning: lbfgs failed to converge (status=1):\n"}
,{"stream_name":"stderr","time":530.557628717,"data":"STOP: TOTAL NO. OF ITERATIONS REACHED LIMIT.\n"}
,{"stream_name":"stderr","time":530.557636524,"data":"\n"}
,{"stream_name":"stderr","time":530.557641558,"data":"Increase the number of iterations (max_iter) or scale the data as shown in:\n"}
,{"stream_name":"stderr","time":530.557647359,"data":"    https://scikit-learn.org/stable/modules/preprocessing.html\n"}
,{"stream_name":"stderr","time":530.55765238,"data":"  self.n_iter_ = _check_optimize_result(\"lbfgs\", opt_res, self.max_iter)\n"}
,{"stream_name":"stderr","time":530.819308597,"data":"/usr/local/lib/python3.12/dist-packages/sklearn/neural_network/_multilayer_perceptron.py:546: ConvergenceWarning: lbfgs failed to converge (status=1):\n"}
,{"stream_name":"stderr","time":530.819384577,"data":"STOP: TOTAL NO. OF ITERATIONS REACHED LIMIT.\n"}
,{"stream_name":"stderr","time":530.819392915,"data":"\n"}
,{"stream_name":"stderr","time":530.819399239,"data":"Increase the number of iterations (max_iter) or scale the data as shown in:\n"}
,{"stream_name":"stderr","time":530.819405607,"data":"    https://scikit-learn.org/stable/modules/preprocessing.html\n"}
,{"stream_name":"stderr","time":530.819410813,"data":"  self.n_iter_ = _check_optimize_result(\"lbfgs\", opt_res, self.max_iter)\n"}
,{"stream_name":"stderr","time":530.819416159,"data":"\n"}
,{"stream_name":"stderr","time":530.819421137,"data":"/usr/local/lib/python3.12/dist-packages/sklearn/neural_network/_multilayer_perceptron.py:546: ConvergenceWarning: lbfgs failed to converge (status=1):\n"}
,{"stream_name":"stderr","time":530.819426643,"data":"STOP: TOTAL NO. OF ITERATIONS REACHED LIMIT.\n"}
,{"stream_name":"stderr","time":530.819431306,"data":"\n"}
,{"stream_name":"stderr","time":530.819435701,"data":"Increase the number of iterations (max_iter) or scale the data as shown in:\n"}
,{"stream_name":"stderr","time":530.819440551,"data":"    https://scikit-learn.org/stable/modules/preprocessing.html\n"}
,{"stream_name":"stderr","time":530.819445306,"data":"  self.n_iter_ = _check_optimize_result(\"lbfgs\", opt_res, self.max_iter)\n"}
,{"stream_name":"stderr","time":554.675162614,"data":"/usr/local/lib/python3.12/dist-packages/sklearn/neural_network/_multilayer_perceptron.py:546: ConvergenceWarning: lbfgs failed to converge (status=1):\n"}
,{"stream_name":"stderr","time":554.675231292,"data":"STOP: TOTAL NO. OF ITERATIONS REACHED LIMIT.\n"}
,{"stream_name":"stderr","time":554.675238412,"data":"\n"}
,{"stream_name":"stderr","time":554.675242469,"data":"Increase the number of iterations (max_iter) or scale the data as shown in:\n"}
,{"stream_name":"stderr","time":554.675246949,"data":"    https://scikit-learn.org/stable/modules/preprocessing.html\n"}
,{"stream_name":"stderr","time":554.675251459,"data":"  self.n_iter_ = _check_optimize_result(\"lbfgs\", opt_res, self.max_iter)\n"}
,{"stream_name":"stderr","time":554.880270542,"data":"/usr/local/lib/python3.12/dist-packages/sklearn/neural_network/_multilayer_perceptron.py:546: ConvergenceWarning: lbfgs failed to converge (status=1):\n"}
,{"stream_name":"stderr","time":554.880335193,"data":"STOP: TOTAL NO. OF ITERATIONS REACHED LIMIT.\n"}
,{"stream_name":"stderr","time":554.880342576,"data":"\n"}
,{"stream_name":"stderr","time":554.880346753,"data":"Increase the number of iterations (max_iter) or scale the data as shown in:\n"}
,{"stream_name":"stderr","time":554.880351005,"data":"    https://scikit-learn.org/stable/modules/preprocessing.html\n"}
,{"stream_name":"stderr","time":554.880355124,"data":"  self.n_iter_ = _check_optimize_result(\"lbfgs\", opt_res, self.max_iter)\n"}
,{"stream_name":"stderr","time":554.88035956,"data":"\n"}
,{"stream_name":"stderr","time":554.882308824,"data":"/usr/local/lib/python3.12/dist-packages/sklearn/neural_network/_multilayer_perceptron.py:546: ConvergenceWarning: lbfgs failed to converge (status=1):\n"}
,{"stream_name":"stderr","time":554.88234856,"data":"STOP: TOTAL NO. OF ITERATIONS REACHED LIMIT.\n"}
,{"stream_name":"stderr","time":554.882355781,"data":"\n"}
,{"stream_name":"stderr","time":554.8823607,"data":"Increase the number of iterations (max_iter) or scale the data as shown in:\n"}
,{"stream_name":"stderr","time":554.882366143,"data":"    https://scikit-learn.org/stable/modules/preprocessing.html\n"}
,{"stream_name":"stderr","time":554.882370525,"data":"  self.n_iter_ = _check_optimize_result(\"lbfgs\", opt_res, self.max_iter)\n"}
,{"stream_name":"stdout","time":594.678824184,"data":"  N=200 S2_Fault_Tunggal       JSD-Fuzzy  F1=0.519±0.019 acc=0.525 | cpu=32s\n"}
,{"stream_name":"stdout","time":594.678868593,"data":"[t+   9.7 min] ANN-LM | N=200 | S3_Dua_Fault | EDM-Fuzzy\n"}
,{"stream_name":"stdout","time":660.272214878,"data":"  N=200 S3_Dua_Fault           EDM-Fuzzy  F1=0.333±0.047 acc=0.334 | cpu=31s\n"}
,{"stream_name":"stdout","time":660.272261439,"data":"[t+  10.8 min] ANN-LM | N=200 | S3_Dua_Fault | JSD-Fuzzy\n"}
,{"stream_name":"stdout","time":700.003033183,"data":"  N=200 S3_Dua_Fault           JSD-Fuzzy  F1=0.597±0.028 acc=0.601 | cpu=21s\n"}
,{"stream_name":"stdout","time":700.003103919,"data":"[t+  11.5 min] ANN-LM | N=200 | S4_Tiga_Fault | EDM-Fuzzy\n"}
,{"stream_name":"stdout","time":719.025295181,"data":"  N=200 S4_Tiga_Fault          EDM-Fuzzy  F1=0.518±0.047 acc=0.521 | cpu=10s\n"}
,{"stream_name":"stdout","time":719.02534633,"data":"[t+  11.8 min] ANN-LM | N=200 | S4_Tiga_Fault | JSD-Fuzzy\n"}
,{"stream_name":"stdout","time":738.980789706,"data":"  N=200 S4_Tiga_Fault          JSD-Fuzzy  F1=0.680±0.051 acc=0.683 | cpu=10s\n"}
,{"stream_name":"stdout","time":738.980830271,"data":"[t+  12.1 min] ANN-LM | N=200 | S5_Empat_Fault | EDM-Fuzzy\n"}
,{"stream_name":"stdout","time":747.734697835,"data":"  N=200 S5_Empat_Fault         EDM-Fuzzy  F1=0.821±0.013 acc=0.825 | cpu=4s\n"}
,{"stream_name":"stdout","time":747.734747901,"data":"[t+  12.2 min] ANN-LM | N=200 | S5_Empat_Fault | JSD-Fuzzy\n"}
,{"stream_name":"stdout","time":754.97773148,"data":"  N=200 S5_Empat_Fault         JSD-Fuzzy  F1=0.957±0.023 acc=0.959 | cpu=5s\n"}
,{"stream_name":"stdout","time":754.977803978,"data":"[t+  12.4 min] ANN-LM | N=700 | S1_Normal_vs_Faulty | EDM-Fuzzy\n"}
,{"stream_name":"stdout","time":770.759040638,"data":"  N=700 S1_Normal_vs_Faulty    EDM-Fuzzy  F1=0.570±0.076 acc=0.578 | cpu=4s\n"}
,{"stream_name":"stdout","time":770.75910298,"data":"[t+  12.6 min] ANN-LM | N=700 | S1_Normal_vs_Faulty | JSD-Fuzzy\n"}
,{"stream_name":"stdout","time":780.046628315,"data":"  N=700 S1_Normal_vs_Faulty    JSD-Fuzzy  F1=0.682±0.035 acc=0.685 | cpu=7s\n"}
,{"stream_name":"stdout","time":780.046701772,"data":"[t+  12.8 min] ANN-LM | N=700 | S2_Fault_Tunggal | EDM-Fuzzy\n"}
,{"stream_name":"stderr","time":780.878829749,"data":"/usr/local/lib/python3.12/dist-packages/sklearn/neural_network/_multilayer_perceptron.py:546: ConvergenceWarning: lbfgs failed to converge (status=1):\n"}
,{"stream_name":"stderr","time":780.878876653,"data":"STOP: TOTAL NO. OF ITERATIONS REACHED LIMIT.\n"}
,{"stream_name":"stderr","time":780.878884844,"data":"\n"}
,{"stream_name":"stderr","time":780.878891379,"data":"Increase the number of iterations (max_iter) or scale the data as shown in:\n"}
,{"stream_name":"stderr","time":780.878897581,"data":"    https://scikit-learn.org/stable/modules/preprocessing.html\n"}
,{"stream_name":"stderr","time":780.878903544,"data":"  self.n_iter_ = _check_optimize_result(\"lbfgs\", opt_res, self.max_iter)\n"}
,{"stream_name":"stderr","time":780.899334358,"data":"/usr/local/lib/python3.12/dist-packages/sklearn/neural_network/_multilayer_perceptron.py:546: ConvergenceWarning: lbfgs failed to converge (status=1):\n"}
,{"stream_name":"stderr","time":780.899417103,"data":"STOP: TOTAL NO. OF ITERATIONS REACHED LIMIT.\n"}
,{"stream_name":"stderr","time":780.899424799,"data":"\n"}
,{"stream_name":"stderr","time":780.89943079,"data":"Increase the number of iterations (max_iter) or scale the data as shown in:\n"}
,{"stream_name":"stderr","time":780.899462006,"data":"    https://scikit-learn.org/stable/modules/preprocessing.html\n"}
,{"stream_name":"stderr","time":780.899468374,"data":"  self.n_iter_ = _check_optimize_result(\"lbfgs\", opt_res, self.max_iter)\n"}
,{"stream_name":"stderr","time":781.082635705,"data":"/usr/local/lib/python3.12/dist-packages/sklearn/neural_network/_multilayer_perceptron.py:546: ConvergenceWarning: lbfgs failed to converge (status=1):\n"}
,{"stream_name":"stderr","time":781.082692115,"data":"STOP: TOTAL NO. OF ITERATIONS REACHED LIMIT.\n"}
,{"stream_name":"stderr","time":781.082699231,"data":"\n"}
,{"stream_name":"stderr","time":781.082704044,"data":"Increase the number of iterations (max_iter) or scale the data as shown in:\n"}
,{"stream_name":"stderr","time":781.082709014,"data":"    https://scikit-learn.org/stable/modules/preprocessing.html\n"}
,{"stream_name":"stderr","time":781.082714167,"data":"  self.n_iter_ = _check_optimize_result(\"lbfgs\", opt_res, self.max_iter)\n"}
,{"stream_name":"stderr","time":781.082719033,"data":"/usr/local/lib/python3.12/dist-packages/sklearn/neural_network/_multilayer_perceptron.py:546: ConvergenceWarning: lbfgs failed to converge (status=1):\n"}
,{"stream_name":"stderr","time":781.082723924,"data":"STOP: TOTAL NO. OF ITERATIONS REACHED LIMIT.\n"}
,{"stream_name":"stderr","time":781.082728395,"data":"\n"}
,{"stream_name":"stderr","time":781.082734641,"data":"Increase the number of iterations (max_iter) or scale the data as shown in:\n"}
,{"stream_name":"stderr","time":781.082740061,"data":"    https://scikit-learn.org/stable/modules/preprocessing.html\n"}
,{"stream_name":"stderr","time":781.082744905,"data":"  self.n_iter_ = _check_optimize_result(\"lbfgs\", opt_res, self.max_iter)\n"}
,{"stream_name":"stderr","time":781.082749547,"data":"\n"}
,{"stream_name":"stderr","time":781.085356049,"data":"/usr/local/lib/python3.12/dist-packages/sklearn/neural_network/_multilayer_perceptron.py:546: ConvergenceWarning: lbfgs failed to converge (status=1):\n"}
,{"stream_name":"stderr","time":781.085401069,"data":"STOP: TOTAL NO. OF ITERATIONS REACHED LIMIT.\n"}
,{"stream_name":"stderr","time":781.085407163,"data":"\n"}
,{"stream_name":"stderr","time":781.085411589,"data":"Increase the number of iterations (max_iter) or scale the data as shown in:\n"}
,{"stream_name":"stderr","time":781.085416151,"data":"    https://scikit-learn.org/stable/modules/preprocessing.html\n"}
,{"stream_name":"stderr","time":781.085421003,"data":"  self.n_iter_ = _check_optimize_result(\"lbfgs\", opt_res, self.max_iter)\n"}
,{"stream_name":"stderr","time":781.085426326,"data":"/usr/local/lib/python3.12/dist-packages/sklearn/neural_network/_multilayer_perceptron.py:546: ConvergenceWarning: lbfgs failed to converge (status=1):\n"}
,{"stream_name":"stderr","time":781.085432029,"data":"STOP: TOTAL NO. OF ITERATIONS REACHED LIMIT.\n"}
,{"stream_name":"stderr","time":781.085436816,"data":"\n"}
,{"stream_name":"stderr","time":781.085441337,"data":"Increase the number of iterations (max_iter) or scale the data as shown in:\n"}
,{"stream_name":"stderr","time":781.085446218,"data":"    https://scikit-learn.org/stable/modules/preprocessing.html\n"}
,{"stream_name":"stderr","time":781.08545108,"data":"  self.n_iter_ = _check_optimize_result(\"lbfgs\", opt_res, self.max_iter)\n"}
,{"stream_name":"stderr","time":782.664368212,"data":"/usr/local/lib/python3.12/dist-packages/sklearn/neural_network/_multilayer_perceptron.py:546: ConvergenceWarning: lbfgs failed to converge (status=1):\n"}
,{"stream_name":"stderr","time":782.664443197,"data":"STOP: TOTAL NO. OF ITERATIONS REACHED LIMIT.\n"}
,{"stream_name":"stderr","time":782.664451141,"data":"\n"}
,{"stream_name":"stderr","time":782.664455905,"data":"Increase the number of iterations (max_iter) or scale the data as shown in:\n"}
,{"stream_name":"stderr","time":782.664460673,"data":"    https://scikit-learn.org/stable/modules/preprocessing.html\n"}
,{"stream_name":"stderr","time":782.664488571,"data":"  self.n_iter_ = _check_optimize_result(\"lbfgs\", opt_res, self.max_iter)\n"}
,{"stream_name":"stderr","time":782.872519252,"data":"/usr/local/lib/python3.12/dist-packages/sklearn/neural_network/_multilayer_perceptron.py:546: ConvergenceWarning: lbfgs failed to converge (status=1):\n"}
,{"stream_name":"stderr","time":782.872593271,"data":"STOP: TOTAL NO. OF ITERATIONS REACHED LIMIT.\n"}
,{"stream_name":"stderr","time":782.872601523,"data":"\n"}
,{"stream_name":"stderr","time":782.872606509,"data":"Increase the number of iterations (max_iter) or scale the data as shown in:\n"}
,{"stream_name":"stderr","time":782.872611748,"data":"    https://scikit-learn.org/stable/modules/preprocessing.html\n"}
,{"stream_name":"stderr","time":782.87261663,"data":"  self.n_iter_ = _check_optimize_result(\"lbfgs\", opt_res, self.max_iter)\n"}
,{"stream_name":"stderr","time":782.872621627,"data":"\n"}
,{"stream_name":"stderr","time":782.872626228,"data":"/usr/local/lib/python3.12/dist-packages/sklearn/neural_network/_multilayer_perceptron.py:546: ConvergenceWarning: lbfgs failed to converge (status=1):\n"}
,{"stream_name":"stderr","time":782.872631613,"data":"STOP: TOTAL NO. OF ITERATIONS REACHED LIMIT.\n"}
,{"stream_name":"stderr","time":782.872636394,"data":"\n"}
,{"stream_name":"stderr","time":782.872640855,"data":"Increase the number of iterations (max_iter) or scale the data as shown in:\n"}
,{"stream_name":"stderr","time":782.872646076,"data":"    https://scikit-learn.org/stable/modules/preprocessing.html\n"}
,{"stream_name":"stderr","time":782.872650782,"data":"  self.n_iter_ = _check_optimize_result(\"lbfgs\", opt_res, self.max_iter)\n"}
,{"stream_name":"stderr","time":784.889632693,"data":"/usr/local/lib/python3.12/dist-packages/sklearn/neural_network/_multilayer_perceptron.py:546: ConvergenceWarning: lbfgs failed to converge (status=1):\n"}
,{"stream_name":"stderr","time":784.889676754,"data":"STOP: TOTAL NO. OF ITERATIONS REACHED LIMIT.\n"}
,{"stream_name":"stderr","time":784.889682666,"data":"\n"}
,{"stream_name":"stderr","time":784.8897,"data":"Increase the number of iterations (max_iter) or scale the data as shown in:\n"}
,{"stream_name":"stderr","time":784.889705095,"data":"    https://scikit-learn.org/stable/modules/preprocessing.html\n"}
,{"stream_name":"stderr","time":784.889719572,"data":"  self.n_iter_ = _check_optimize_result(\"lbfgs\", opt_res, self.max_iter)\n"}
,{"stream_name":"stderr","time":785.094886101,"data":"/usr/local/lib/python3.12/dist-packages/sklearn/neural_network/_multilayer_perceptron.py:546: ConvergenceWarning: lbfgs failed to converge (status=1):\n"}
,{"stream_name":"stderr","time":785.09512274,"data":"STOP: TOTAL NO. OF ITERATIONS REACHED LIMIT.\n"}
,{"stream_name":"stderr","time":785.096277002,"data":"\n"}
,{"stream_name":"stderr","time":785.096296477,"data":"Increase the number of iterations (max_iter) or scale the data as shown in:\n"}
,{"stream_name":"stderr","time":785.096305213,"data":"    https://scikit-learn.org/stable/modules/preprocessing.html\n"}
,{"stream_name":"stderr","time":785.096310951,"data":"  self.n_iter_ = _check_optimize_result(\"lbfgs\", opt_res, self.max_iter)\n"}
,{"stream_name":"stderr","time":785.096316347,"data":"\n"}
,{"stream_name":"stderr","time":785.096320843,"data":"/usr/local/lib/python3.12/dist-packages/sklearn/neural_network/_multilayer_perceptron.py:546: ConvergenceWarning: lbfgs failed to converge (status=1):\n"}
,{"stream_name":"stderr","time":785.09632621,"data":"STOP: TOTAL NO. OF ITERATIONS REACHED LIMIT.\n"}
,{"stream_name":"stderr","time":785.096330989,"data":"\n"}
,{"stream_name":"stderr","time":785.096335389,"data":"Increase the number of iterations (max_iter) or scale the data as shown in:\n"}
,{"stream_name":"stderr","time":785.096357138,"data":"    https://scikit-learn.org/stable/modules/preprocessing.html\n"}
,{"stream_name":"stderr","time":785.096361978,"data":"  self.n_iter_ = _check_optimize_result(\"lbfgs\", opt_res, self.max_iter)\n"}
,{"stream_name":"stderr","time":786.300571098,"data":"/usr/local/lib/python3.12/dist-packages/sklearn/neural_network/_multilayer_perceptron.py:546: ConvergenceWarning: lbfgs failed to converge (status=1):\n"}
,{"stream_name":"stderr","time":786.300631087,"data":"STOP: TOTAL NO. OF ITERATIONS REACHED LIMIT.\n"}
,{"stream_name":"stderr","time":786.300637753,"data":"\n"}
,{"stream_name":"stderr","time":786.300642552,"data":"Increase the number of iterations (max_iter) or scale the data as shown in:\n"}
,{"stream_name":"stderr","time":786.300647739,"data":"    https://scikit-learn.org/stable/modules/preprocessing.html\n"}
,{"stream_name":"stderr","time":786.30065296,"data":"  self.n_iter_ = _check_optimize_result(\"lbfgs\", opt_res, self.max_iter)\n"}
,{"stream_name":"stderr","time":786.501498933,"data":"/usr/local/lib/python3.12/dist-packages/sklearn/neural_network/_multilayer_perceptron.py:546: ConvergenceWarning: lbfgs failed to converge (status=1):\n"}
,{"stream_name":"stderr","time":786.501583256,"data":"STOP: TOTAL NO. OF ITERATIONS REACHED LIMIT.\n"}
,{"stream_name":"stderr","time":786.501591838,"data":"\n"}
,{"stream_name":"stderr","time":786.501596782,"data":"Increase the number of iterations (max_iter) or scale the data as shown in:\n"}
,{"stream_name":"stderr","time":786.501601743,"data":"    https://scikit-learn.org/stable/modules/preprocessing.html\n"}
,{"stream_name":"stderr","time":786.50160639,"data":"  self.n_iter_ = _check_optimize_result(\"lbfgs\", opt_res, self.max_iter)\n"}
,{"stream_name":"stderr","time":786.501611454,"data":"\n"}
,{"stream_name":"stderr","time":786.504340315,"data":"/usr/local/lib/python3.12/dist-packages/sklearn/neural_network/_multilayer_perceptron.py:546: ConvergenceWarning: lbfgs failed to converge (status=1):\n"}
,{"stream_name":"stderr","time":786.504383983,"data":"STOP: TOTAL NO. OF ITERATIONS REACHED LIMIT.\n"}
,{"stream_name":"stderr","time":786.504392278,"data":"\n"}
,{"stream_name":"stderr","time":786.50439789,"data":"Increase the number of iterations (max_iter) or scale the data as shown in:\n"}
,{"stream_name":"stderr","time":786.504405216,"data":"    https://scikit-learn.org/stable/modules/preprocessing.html\n"}
,{"stream_name":"stderr","time":786.504410898,"data":"  self.n_iter_ = _check_optimize_result(\"lbfgs\", opt_res, self.max_iter)\n"}
,{"stream_name":"stderr","time":789.192511142,"data":"/usr/local/lib/python3.12/dist-packages/sklearn/neural_network/_multilayer_perceptron.py:546: ConvergenceWarning: lbfgs failed to converge (status=1):\n"}
,{"stream_name":"stderr","time":789.192586781,"data":"STOP: TOTAL NO. OF ITERATIONS REACHED LIMIT.\n"}
,{"stream_name":"stderr","time":789.192595396,"data":"\n"}
,{"stream_name":"stderr","time":789.192599997,"data":"Increase the number of iterations (max_iter) or scale the data as shown in:\n"}
,{"stream_name":"stderr","time":789.192604069,"data":"    https://scikit-learn.org/stable/modules/preprocessing.html\n"}
,{"stream_name":"stderr","time":789.192608451,"data":"  self.n_iter_ = _check_optimize_result(\"lbfgs\", opt_res, self.max_iter)\n"}
,{"stream_name":"stderr","time":789.397921304,"data":"/usr/local/lib/python3.12/dist-packages/sklearn/neural_network/_multilayer_perceptron.py:546: ConvergenceWarning: lbfgs failed to converge (status=1):\n"}
,{"stream_name":"stderr","time":789.39796347,"data":"STOP: TOTAL NO. OF ITERATIONS REACHED LIMIT.\n"}
,{"stream_name":"stderr","time":789.397993499,"data":"\n"}
,{"stream_name":"stderr","time":789.397998258,"data":"Increase the number of iterations (max_iter) or scale the data as shown in:\n"}
,{"stream_name":"stderr","time":789.3980025,"data":"    https://scikit-learn.org/stable/modules/preprocessing.html\n"}
,{"stream_name":"stderr","time":789.398006439,"data":"  self.n_iter_ = _check_optimize_result(\"lbfgs\", opt_res, self.max_iter)\n"}
,{"stream_name":"stderr","time":789.398010806,"data":"\n"}
,{"stream_name":"stderr","time":789.402373482,"data":"/usr/local/lib/python3.12/dist-packages/sklearn/neural_network/_multilayer_perceptron.py:546: ConvergenceWarning: lbfgs failed to converge (status=1):\n"}
,{"stream_name":"stderr","time":789.40244137,"data":"STOP: TOTAL NO. OF ITERATIONS REACHED LIMIT.\n"}
,{"stream_name":"stderr","time":789.40244971,"data":"\n"}
,{"stream_name":"stderr","time":789.402454695,"data":"Increase the number of iterations (max_iter) or scale the data as shown in:\n"}
,{"stream_name":"stderr","time":789.402459331,"data":"    https://scikit-learn.org/stable/modules/preprocessing.html\n"}
,{"stream_name":"stderr","time":789.402464196,"data":"  self.n_iter_ = _check_optimize_result(\"lbfgs\", opt_res, self.max_iter)\n"}
,{"stream_name":"stderr","time":790.55620376,"data":"/usr/local/lib/python3.12/dist-packages/sklearn/neural_network/_multilayer_perceptron.py:546: ConvergenceWarning: lbfgs failed to converge (status=1):\n"}
,{"stream_name":"stderr","time":790.556264264,"data":"STOP: TOTAL NO. OF ITERATIONS REACHED LIMIT.\n"}
,{"stream_name":"stderr","time":790.556271119,"data":"\n"}
,{"stream_name":"stderr","time":790.556275856,"data":"Increase the number of iterations (max_iter) or scale the data as shown in:\n"}
,{"stream_name":"stderr","time":790.556281192,"data":"    https://scikit-learn.org/stable/modules/preprocessing.html\n"}
,{"stream_name":"stderr","time":790.556286044,"data":"  self.n_iter_ = _check_optimize_result(\"lbfgs\", opt_res, self.max_iter)\n"}
,{"stream_name":"stderr","time":790.761482465,"data":"/usr/local/lib/python3.12/dist-packages/sklearn/neural_network/_multilayer_perceptron.py:546: ConvergenceWarning: lbfgs failed to converge (status=1):\n"}
,{"stream_name":"stderr","time":790.761536967,"data":"STOP: TOTAL NO. OF ITERATIONS REACHED LIMIT.\n"}
,{"stream_name":"stderr","time":790.76154463,"data":"\n"}
,{"stream_name":"stderr","time":790.761548988,"data":"Increase the number of iterations (max_iter) or scale the data as shown in:\n"}
,{"stream_name":"stderr","time":790.761553841,"data":"    https://scikit-learn.org/stable/modules/preprocessing.html\n"}
,{"stream_name":"stderr","time":790.761559079,"data":"  self.n_iter_ = _check_optimize_result(\"lbfgs\", opt_res, self.max_iter)\n"}
,{"stream_name":"stderr","time":790.761563945,"data":"\n"}
,{"stream_name":"stderr","time":790.761568697,"data":"/usr/local/lib/python3.12/dist-packages/sklearn/neural_network/_multilayer_perceptron.py:546: ConvergenceWarning: lbfgs failed to converge (status=1):\n"}
,{"stream_name":"stderr","time":790.761573436,"data":"STOP: TOTAL NO. OF ITERATIONS REACHED LIMIT.\n"}
,{"stream_name":"stderr","time":790.761577941,"data":"\n"}
,{"stream_name":"stderr","time":790.761582456,"data":"Increase the number of iterations (max_iter) or scale the data as shown in:\n"}
,{"stream_name":"stderr","time":790.761587172,"data":"    https://scikit-learn.org/stable/modules/preprocessing.html\n"}
,{"stream_name":"stderr","time":790.761591778,"data":"  self.n_iter_ = _check_optimize_result(\"lbfgs\", opt_res, self.max_iter)\n"}
,{"stream_name":"stderr","time":802.099052638,"data":"/usr/local/lib/python3.12/dist-packages/sklearn/neural_network/_multilayer_perceptron.py:546: ConvergenceWarning: lbfgs failed to converge (status=1):\n"}
,{"stream_name":"stderr","time":802.099152908,"data":"STOP: TOTAL NO. OF ITERATIONS REACHED LIMIT.\n"}
,{"stream_name":"stderr","time":802.099159694,"data":"\n"}
,{"stream_name":"stderr","time":802.099164343,"data":"Increase the number of iterations (max_iter) or scale the data as shown in:\n"}
,{"stream_name":"stderr","time":802.099168684,"data":"    https://scikit-learn.org/stable/modules/preprocessing.html\n"}
,{"stream_name":"stderr","time":802.09917292,"data":"  self.n_iter_ = _check_optimize_result(\"lbfgs\", opt_res, self.max_iter)\n"}
,{"stream_name":"stderr","time":802.362665072,"data":"/usr/local/lib/python3.12/dist-packages/sklearn/neural_network/_multilayer_perceptron.py:546: ConvergenceWarning: lbfgs failed to converge (status=1):\n"}
,{"stream_name":"stderr","time":802.36270305,"data":"STOP: TOTAL NO. OF ITERATIONS REACHED LIMIT.\n"}
,{"stream_name":"stderr","time":802.362708929,"data":"\n"}
,{"stream_name":"stderr","time":802.362713476,"data":"Increase the number of iterations (max_iter) or scale the data as shown in:\n"}
,{"stream_name":"stderr","time":802.362718563,"data":"    https://scikit-learn.org/stable/modules/preprocessing.html\n"}
,{"stream_name":"stderr","time":802.362724115,"data":"  self.n_iter_ = _check_optimize_result(\"lbfgs\", opt_res, self.max_iter)\n"}
,{"stream_name":"stderr","time":802.362729598,"data":"\n"}
,{"stream_name":"stderr","time":802.36285285,"data":"/usr/local/lib/python3.12/dist-packages/sklearn/neural_network/_multilayer_perceptron.py:546: ConvergenceWarning: lbfgs failed to converge (status=1):\n"}
,{"stream_name":"stderr","time":802.362872412,"data":"STOP: TOTAL NO. OF ITERATIONS REACHED LIMIT.\n"}
,{"stream_name":"stderr","time":802.362878363,"data":"\n"}
,{"stream_name":"stderr","time":802.362883155,"data":"Increase the number of iterations (max_iter) or scale the data as shown in:\n"}
,{"stream_name":"stderr","time":802.362888071,"data":"    https://scikit-learn.org/stable/modules/preprocessing.html\n"}
,{"stream_name":"stderr","time":802.36289313,"data":"  self.n_iter_ = _check_optimize_result(\"lbfgs\", opt_res, self.max_iter)\n"}
,{"stream_name":"stderr","time":803.849578209,"data":"/usr/local/lib/python3.12/dist-packages/sklearn/neural_network/_multilayer_perceptron.py:546: ConvergenceWarning: lbfgs failed to converge (status=1):\n"}
,{"stream_name":"stderr","time":803.849651616,"data":"STOP: TOTAL NO. OF ITERATIONS REACHED LIMIT.\n"}
,{"stream_name":"stderr","time":803.849659896,"data":"\n"}
,{"stream_name":"stderr","time":803.849665294,"data":"Increase the number of iterations (max_iter) or scale the data as shown in:\n"}
,{"stream_name":"stderr","time":803.849671026,"data":"    https://scikit-learn.org/stable/modules/preprocessing.html\n"}
,{"stream_name":"stderr","time":803.849676431,"data":"  self.n_iter_ = _check_optimize_result(\"lbfgs\", opt_res, self.max_iter)\n"}
,{"stream_name":"stderr","time":804.05703298,"data":"/usr/local/lib/python3.12/dist-packages/sklearn/neural_network/_multilayer_perceptron.py:546: ConvergenceWarning: lbfgs failed to converge (status=1):\n"}
,{"stream_name":"stderr","time":804.057098428,"data":"STOP: TOTAL NO. OF ITERATIONS REACHED LIMIT.\n"}
,{"stream_name":"stderr","time":804.057109827,"data":"\n"}
,{"stream_name":"stderr","time":804.057114797,"data":"Increase the number of iterations (max_iter) or scale the data as shown in:\n"}
,{"stream_name":"stderr","time":804.057127143,"data":"    https://scikit-learn.org/stable/modules/preprocessing.html\n"}
,{"stream_name":"stderr","time":804.05713202,"data":"  self.n_iter_ = _check_optimize_result(\"lbfgs\", opt_res, self.max_iter)\n"}
,{"stream_name":"stderr","time":804.057166903,"data":"\n"}
,{"stream_name":"stderr","time":804.059321478,"data":"/usr/local/lib/python3.12/dist-packages/sklearn/neural_network/_multilayer_perceptron.py:546: ConvergenceWarning: lbfgs failed to converge (status=1):\n"}
,{"stream_name":"stderr","time":804.059391193,"data":"STOP: TOTAL NO. OF ITERATIONS REACHED LIMIT.\n"}
,{"stream_name":"stderr","time":804.059398974,"data":"\n"}
,{"stream_name":"stderr","time":804.059403817,"data":"Increase the number of iterations (max_iter) or scale the data as shown in:\n"}
,{"stream_name":"stderr","time":804.059408706,"data":"    https://scikit-learn.org/stable/modules/preprocessing.html\n"}
,{"stream_name":"stderr","time":804.059412849,"data":"  self.n_iter_ = _check_optimize_result(\"lbfgs\", opt_res, self.max_iter)\n"}
,{"stream_name":"stderr","time":809.875913018,"data":"/usr/local/lib/python3.12/dist-packages/sklearn/neural_network/_multilayer_perceptron.py:546: ConvergenceWarning: lbfgs failed to converge (status=1):\n"}
,{"stream_name":"stderr","time":809.87597159,"data":"STOP: TOTAL NO. OF ITERATIONS REACHED LIMIT.\n"}
,{"stream_name":"stderr","time":809.875980582,"data":"\n"}
,{"stream_name":"stderr","time":809.87598683,"data":"Increase the number of iterations (max_iter) or scale the data as shown in:\n"}
,{"stream_name":"stderr","time":809.875993404,"data":"    https://scikit-learn.org/stable/modules/preprocessing.html\n"}
,{"stream_name":"stderr","time":809.875998977,"data":"  self.n_iter_ = _check_optimize_result(\"lbfgs\", opt_res, self.max_iter)\n"}
,{"stream_name":"stderr","time":810.080820188,"data":"/usr/local/lib/python3.12/dist-packages/sklearn/neural_network/_multilayer_perceptron.py:546: ConvergenceWarning: lbfgs failed to converge (status=1):\n"}
,{"stream_name":"stderr","time":810.080863484,"data":"STOP: TOTAL NO. OF ITERATIONS REACHED LIMIT.\n"}
,{"stream_name":"stderr","time":810.080870718,"data":"\n"}
,{"stream_name":"stderr","time":810.080876252,"data":"Increase the number of iterations (max_iter) or scale the data as shown in:\n"}
,{"stream_name":"stderr","time":810.080882408,"data":"    https://scikit-learn.org/stable/modules/preprocessing.html\n"}
,{"stream_name":"stderr","time":810.080888127,"data":"  self.n_iter_ = _check_optimize_result(\"lbfgs\", opt_res, self.max_iter)\n"}
,{"stream_name":"stderr","time":810.080893909,"data":"\n"}
,{"stream_name":"stderr","time":810.080899242,"data":"/usr/local/lib/python3.12/dist-packages/sklearn/neural_network/_multilayer_perceptron.py:546: ConvergenceWarning: lbfgs failed to converge (status=1):\n"}
,{"stream_name":"stderr","time":810.080905645,"data":"STOP: TOTAL NO. OF ITERATIONS REACHED LIMIT.\n"}
,{"stream_name":"stderr","time":810.080911091,"data":"\n"}
,{"stream_name":"stderr","time":810.080916187,"data":"Increase the number of iterations (max_iter) or scale the data as shown in:\n"}
,{"stream_name":"stderr","time":810.080921807,"data":"    https://scikit-learn.org/stable/modules/preprocessing.html\n"}
,{"stream_name":"stderr","time":810.080927517,"data":"  self.n_iter_ = _check_optimize_result(\"lbfgs\", opt_res, self.max_iter)\n"}
,{"stream_name":"stderr","time":811.793151514,"data":"/usr/local/lib/python3.12/dist-packages/sklearn/neural_network/_multilayer_perceptron.py:546: ConvergenceWarning: lbfgs failed to converge (status=1):\n"}
,{"stream_name":"stderr","time":811.793346265,"data":"STOP: TOTAL NO. OF ITERATIONS REACHED LIMIT.\n"}
,{"stream_name":"stderr","time":811.793359503,"data":"\n"}
,{"stream_name":"stderr","time":811.793365356,"data":"Increase the number of iterations (max_iter) or scale the data as shown in:\n"}
,{"stream_name":"stderr","time":811.793371505,"data":"    https://scikit-learn.org/stable/modules/preprocessing.html\n"}
,{"stream_name":"stderr","time":811.793421081,"data":"  self.n_iter_ = _check_optimize_result(\"lbfgs\", opt_res, self.max_iter)\n"}
,{"stream_name":"stderr","time":812.00069269,"data":"/usr/local/lib/python3.12/dist-packages/sklearn/neural_network/_multilayer_perceptron.py:546: ConvergenceWarning: lbfgs failed to converge (status=1):\n"}
,{"stream_name":"stderr","time":812.000771411,"data":"STOP: TOTAL NO. OF ITERATIONS REACHED LIMIT.\n"}
,{"stream_name":"stderr","time":812.000782531,"data":"\n"}
,{"stream_name":"stderr","time":812.000788158,"data":"Increase the number of iterations (max_iter) or scale the data as shown in:\n"}
,{"stream_name":"stderr","time":812.000793367,"data":"    https://scikit-learn.org/stable/modules/preprocessing.html\n"}
,{"stream_name":"stderr","time":812.000798219,"data":"  self.n_iter_ = _check_optimize_result(\"lbfgs\", opt_res, self.max_iter)\n"}
,{"stream_name":"stderr","time":812.000803381,"data":"\n"}
,{"stream_name":"stderr","time":812.000808379,"data":"/usr/local/lib/python3.12/dist-packages/sklearn/neural_network/_multilayer_perceptron.py:546: ConvergenceWarning: lbfgs failed to converge (status=1):\n"}
,{"stream_name":"stderr","time":812.00081378,"data":"STOP: TOTAL NO. OF ITERATIONS REACHED LIMIT.\n"}
,{"stream_name":"stderr","time":812.000818531,"data":"\n"}
,{"stream_name":"stderr","time":812.000822931,"data":"Increase the number of iterations (max_iter) or scale the data as shown in:\n"}
,{"stream_name":"stderr","time":812.000827699,"data":"    https://scikit-learn.org/stable/modules/preprocessing.html\n"}
,{"stream_name":"stderr","time":812.000832686,"data":"  self.n_iter_ = _check_optimize_result(\"lbfgs\", opt_res, self.max_iter)\n"}
,{"stream_name":"stderr","time":823.577470491,"data":"/usr/local/lib/python3.12/dist-packages/sklearn/neural_network/_multilayer_perceptron.py:546: ConvergenceWarning: lbfgs failed to converge (status=1):\n"}
,{"stream_name":"stderr","time":823.577521048,"data":"STOP: TOTAL NO. OF ITERATIONS REACHED LIMIT.\n"}
,{"stream_name":"stderr","time":823.577527053,"data":"\n"}
,{"stream_name":"stderr","time":823.577531532,"data":"Increase the number of iterations (max_iter) or scale the data as shown in:\n"}
,{"stream_name":"stderr","time":823.57753639,"data":"    https://scikit-learn.org/stable/modules/preprocessing.html\n"}
,{"stream_name":"stderr","time":823.577540814,"data":"  self.n_iter_ = _check_optimize_result(\"lbfgs\", opt_res, self.max_iter)\n"}
,{"stream_name":"stderr","time":823.78287027,"data":"/usr/local/lib/python3.12/dist-packages/sklearn/neural_network/_multilayer_perceptron.py:546: ConvergenceWarning: lbfgs failed to converge (status=1):\n"}
,{"stream_name":"stderr","time":823.782944744,"data":"STOP: TOTAL NO. OF ITERATIONS REACHED LIMIT.\n"}
,{"stream_name":"stderr","time":823.782952317,"data":"\n"}
,{"stream_name":"stderr","time":823.782957202,"data":"Increase the number of iterations (max_iter) or scale the data as shown in:\n"}
,{"stream_name":"stderr","time":823.782962157,"data":"    https://scikit-learn.org/stable/modules/preprocessing.html\n"}
,{"stream_name":"stderr","time":823.782967007,"data":"  self.n_iter_ = _check_optimize_result(\"lbfgs\", opt_res, self.max_iter)\n"}
,{"stream_name":"stderr","time":823.782971996,"data":"\n"}
,{"stream_name":"stderr","time":823.784275142,"data":"/usr/local/lib/python3.12/dist-packages/sklearn/neural_network/_multilayer_perceptron.py:546: ConvergenceWarning: lbfgs failed to converge (status=1):\n"}
,{"stream_name":"stderr","time":823.784313663,"data":"STOP: TOTAL NO. OF ITERATIONS REACHED LIMIT.\n"}
,{"stream_name":"stderr","time":823.784319701,"data":"\n"}
,{"stream_name":"stderr","time":823.78432418,"data":"Increase the number of iterations (max_iter) or scale the data as shown in:\n"}
,{"stream_name":"stderr","time":823.784354044,"data":"    https://scikit-learn.org/stable/modules/preprocessing.html\n"}
,{"stream_name":"stderr","time":823.784358785,"data":"  self.n_iter_ = _check_optimize_result(\"lbfgs\", opt_res, self.max_iter)\n"}
,{"stream_name":"stderr","time":831.254245934,"data":"/usr/local/lib/python3.12/dist-packages/sklearn/neural_network/_multilayer_perceptron.py:546: ConvergenceWarning: lbfgs failed to converge (status=1):\n"}
,{"stream_name":"stderr","time":831.254303097,"data":"STOP: TOTAL NO. OF ITERATIONS REACHED LIMIT.\n"}
,{"stream_name":"stderr","time":831.254309706,"data":"\n"}
,{"stream_name":"stderr","time":831.254314472,"data":"Increase the number of iterations (max_iter) or scale the data as shown in:\n"}
,{"stream_name":"stderr","time":831.25431939,"data":"    https://scikit-learn.org/stable/modules/preprocessing.html\n"}
,{"stream_name":"stderr","time":831.254324452,"data":"  self.n_iter_ = _check_optimize_result(\"lbfgs\", opt_res, self.max_iter)\n"}
,{"stream_name":"stderr","time":831.461933203,"data":"/usr/local/lib/python3.12/dist-packages/sklearn/neural_network/_multilayer_perceptron.py:546: ConvergenceWarning: lbfgs failed to converge (status=1):\n"}
,{"stream_name":"stderr","time":831.461999742,"data":"STOP: TOTAL NO. OF ITERATIONS REACHED LIMIT.\n"}
,{"stream_name":"stderr","time":831.462005828,"data":"\n"}
,{"stream_name":"stderr","time":831.462010112,"data":"Increase the number of iterations (max_iter) or scale the data as shown in:\n"}
,{"stream_name":"stderr","time":831.46201462,"data":"    https://scikit-learn.org/stable/modules/preprocessing.html\n"}
,{"stream_name":"stderr","time":831.462018402,"data":"  self.n_iter_ = _check_optimize_result(\"lbfgs\", opt_res, self.max_iter)\n"}
,{"stream_name":"stderr","time":831.462022295,"data":"\n"}
,{"stream_name":"stderr","time":831.462026696,"data":"/usr/local/lib/python3.12/dist-packages/sklearn/neural_network/_multilayer_perceptron.py:546: ConvergenceWarning: lbfgs failed to converge (status=1):\n"}
,{"stream_name":"stderr","time":831.462031868,"data":"STOP: TOTAL NO. OF ITERATIONS REACHED LIMIT.\n"}
,{"stream_name":"stderr","time":831.46203603,"data":"\n"}
,{"stream_name":"stderr","time":831.462039863,"data":"Increase the number of iterations (max_iter) or scale the data as shown in:\n"}
,{"stream_name":"stderr","time":831.462043966,"data":"    https://scikit-learn.org/stable/modules/preprocessing.html\n"}
,{"stream_name":"stderr","time":831.462048156,"data":"  self.n_iter_ = _check_optimize_result(\"lbfgs\", opt_res, self.max_iter)\n"}
,{"stream_name":"stderr","time":834.023628993,"data":"/usr/local/lib/python3.12/dist-packages/sklearn/neural_network/_multilayer_perceptron.py:546: ConvergenceWarning: lbfgs failed to converge (status=1):\n"}
,{"stream_name":"stderr","time":834.023706722,"data":"STOP: TOTAL NO. OF ITERATIONS REACHED LIMIT.\n"}
,{"stream_name":"stderr","time":834.023715534,"data":"\n"}
,{"stream_name":"stderr","time":834.023719995,"data":"Increase the number of iterations (max_iter) or scale the data as shown in:\n"}
,{"stream_name":"stderr","time":834.023724535,"data":"    https://scikit-learn.org/stable/modules/preprocessing.html\n"}
,{"stream_name":"stderr","time":834.023729064,"data":"  self.n_iter_ = _check_optimize_result(\"lbfgs\", opt_res, self.max_iter)\n"}
,{"stream_name":"stderr","time":834.299825924,"data":"/usr/local/lib/python3.12/dist-packages/sklearn/neural_network/_multilayer_perceptron.py:546: ConvergenceWarning: lbfgs failed to converge (status=1):\n"}
,{"stream_name":"stderr","time":834.299873926,"data":"STOP: TOTAL NO. OF ITERATIONS REACHED LIMIT.\n"}
,{"stream_name":"stderr","time":834.299906297,"data":"\n"}
,{"stream_name":"stderr","time":834.299911552,"data":"Increase the number of iterations (max_iter) or scale the data as shown in:\n"}
,{"stream_name":"stderr","time":834.299917623,"data":"    https://scikit-learn.org/stable/modules/preprocessing.html\n"}
,{"stream_name":"stderr","time":834.299923442,"data":"  self.n_iter_ = _check_optimize_result(\"lbfgs\", opt_res, self.max_iter)\n"}
,{"stream_name":"stderr","time":834.299928582,"data":"\n"}
,{"stream_name":"stderr","time":834.299933133,"data":"/usr/local/lib/python3.12/dist-packages/sklearn/neural_network/_multilayer_perceptron.py:546: ConvergenceWarning: lbfgs failed to converge (status=1):\n"}
,{"stream_name":"stderr","time":834.299937778,"data":"STOP: TOTAL NO. OF ITERATIONS REACHED LIMIT.\n"}
,{"stream_name":"stderr","time":834.299942584,"data":"\n"}
,{"stream_name":"stderr","time":834.299947365,"data":"Increase the number of iterations (max_iter) or scale the data as shown in:\n"}
,{"stream_name":"stderr","time":834.299952448,"data":"    https://scikit-learn.org/stable/modules/preprocessing.html\n"}
,{"stream_name":"stderr","time":834.299958056,"data":"  self.n_iter_ = _check_optimize_result(\"lbfgs\", opt_res, self.max_iter)\n"}
,{"stream_name":"stdout","time":880.454327072,"data":"  N=700 S2_Fault_Tunggal       EDM-Fuzzy  F1=0.355±0.053 acc=0.372 | cpu=45s\n"}
,{"stream_name":"stdout","time":880.454425501,"data":"[t+  14.5 min] ANN-LM | N=700 | S2_Fault_Tunggal | JSD-Fuzzy\n"}
,{"stream_name":"stdout","time":996.663237803,"data":"  N=700 S2_Fault_Tunggal       JSD-Fuzzy  F1=0.569±0.052 acc=0.579 | cpu=74s\n"}
,{"stream_name":"stdout","time":996.663318019,"data":"[t+  16.4 min] ANN-LM | N=700 | S3_Dua_Fault | EDM-Fuzzy\n"}
,{"stream_name":"stdout","time":1077.73651133,"data":"  N=700 S3_Dua_Fault           EDM-Fuzzy  F1=0.388±0.030 acc=0.392 | cpu=44s\n"}
,{"stream_name":"stdout","time":1077.736574621,"data":"[t+  17.7 min] ANN-LM | N=700 | S3_Dua_Fault | JSD-Fuzzy\n"}
,{"stream_name":"stdout","time":1103.63580979,"data":"  N=700 S3_Dua_Fault           JSD-Fuzzy  F1=0.592±0.056 acc=0.601 | cpu=13s\n"}
,{"stream_name":"stdout","time":1103.635860433,"data":"[t+  18.2 min] ANN-LM | N=700 | S4_Tiga_Fault | EDM-Fuzzy\n"}
,{"stream_name":"stdout","time":1120.737554088,"data":"  N=700 S4_Tiga_Fault          EDM-Fuzzy  F1=0.511±0.013 acc=0.508 | cpu=9s\n"}
,{"stream_name":"stdout","time":1120.737599197,"data":"[t+  18.5 min] ANN-LM | N=700 | S4_Tiga_Fault | JSD-Fuzzy\n"}
,{"stream_name":"stdout","time":1136.958314633,"data":"  N=700 S4_Tiga_Fault          JSD-Fuzzy  F1=0.622±0.027 acc=0.623 | cpu=9s\n"}
,{"stream_name":"stdout","time":1136.958370289,"data":"[t+  18.7 min] ANN-LM | N=700 | S5_Empat_Fault | EDM-Fuzzy\n"}
,{"stream_name":"stdout","time":1146.960783064,"data":"  N=700 S5_Empat_Fault         EDM-Fuzzy  F1=0.855±0.036 acc=0.855 | cpu=4s\n"}
,{"stream_name":"stdout","time":1146.9608407,"data":"[t+  18.9 min] ANN-LM | N=700 | S5_Empat_Fault | JSD-Fuzzy\n"}
,{"stream_name":"stdout","time":1155.062161419,"data":"  N=700 S5_Empat_Fault         JSD-Fuzzy  F1=0.921±0.025 acc=0.922 | cpu=5s\n"}
,{"stream_name":"stdout","time":1155.062198758,"data":"[t+  19.0 min] ANN-LM | N=1000 | S1_Normal_vs_Faulty | EDM-Fuzzy\n"}
,{"stream_name":"stdout","time":1167.225661597,"data":"  N=1000 S1_Normal_vs_Faulty    EDM-Fuzzy  F1=0.590±0.038 acc=0.593 | cpu=5s\n"}
,{"stream_name":"stdout","time":1167.225719241,"data":"[t+  19.2 min] ANN-LM | N=1000 | S1_Normal_vs_Faulty | JSD-Fuzzy\n"}
,{"stream_name":"stdout","time":1175.083749229,"data":"  N=1000 S1_Normal_vs_Faulty    JSD-Fuzzy  F1=0.727±0.088 acc=0.734 | cpu=5s\n"}
,{"stream_name":"stdout","time":1175.083798385,"data":"[t+  19.4 min] ANN-LM | N=1000 | S2_Fault_Tunggal | EDM-Fuzzy\n"}
,{"stream_name":"stdout","time":1237.980272314,"data":"  N=1000 S2_Fault_Tunggal       EDM-Fuzzy  F1=0.372±0.046 acc=0.376 | cpu=22s\n"}
,{"stream_name":"stdout","time":1237.980312695,"data":"[t+  20.4 min] ANN-LM | N=1000 | S2_Fault_Tunggal | JSD-Fuzzy\n"}
,{"stream_name":"stdout","time":1294.754441785,"data":"  N=1000 S2_Fault_Tunggal       JSD-Fuzzy  F1=0.530±0.032 acc=0.553 | cpu=27s\n"}
,{"stream_name":"stdout","time":1294.754498587,"data":"[t+  21.4 min] ANN-LM | N=1000 | S3_Dua_Fault | EDM-Fuzzy\n"}
,{"stream_name":"stdout","time":1338.939360349,"data":"  N=1000 S3_Dua_Fault           EDM-Fuzzy  F1=0.422±0.056 acc=0.422 | cpu=24s\n"}
,{"stream_name":"stdout","time":1338.939426126,"data":"[t+  22.1 min] ANN-LM | N=1000 | S3_Dua_Fault | JSD-Fuzzy\n"}
,{"stream_name":"stdout","time":1357.440740395,"data":"  N=1000 S3_Dua_Fault           JSD-Fuzzy  F1=0.536±0.095 acc=0.541 | cpu=9s\n"}
,{"stream_name":"stdout","time":1357.44078757,"data":"[t+  22.4 min] ANN-LM | N=1000 | S4_Tiga_Fault | EDM-Fuzzy\n"}
,{"stream_name":"stdout","time":1368.127681084,"data":"  N=1000 S4_Tiga_Fault          EDM-Fuzzy  F1=0.563±0.053 acc=0.566 | cpu=6s\n"}
,{"stream_name":"stdout","time":1368.127736875,"data":"[t+  22.6 min] ANN-LM | N=1000 | S4_Tiga_Fault | JSD-Fuzzy\n"}
,{"stream_name":"stdout","time":1379.613432067,"data":"  N=1000 S4_Tiga_Fault          JSD-Fuzzy  F1=0.641±0.041 acc=0.649 | cpu=6s\n"}
,{"stream_name":"stdout","time":1379.613504662,"data":"[t+  22.8 min] ANN-LM | N=1000 | S5_Empat_Fault | EDM-Fuzzy\n"}
,{"stream_name":"stdout","time":1387.595823533,"data":"  N=1000 S5_Empat_Fault         EDM-Fuzzy  F1=0.806±0.096 acc=0.809 | cpu=3s\n"}
,{"stream_name":"stdout","time":1387.595880156,"data":"[t+  22.9 min] ANN-LM | N=1000 | S5_Empat_Fault | JSD-Fuzzy\n"}
,{"stream_name":"stdout","time":1394.458209024,"data":"  N=1000 S5_Empat_Fault         JSD-Fuzzy  F1=0.867±0.059 acc=0.872 | cpu=4s\n"}
,{"stream_name":"stdout","time":1394.458259124,"data":"[t+  23.0 min] ANN-LM selesai\n"}
,{"stream_name":"stdout","time":1394.579010689,"data":"=== Performa fault detection — grouped 5-fold CV, grid search per fold ===\n"}
,{"stream_name":"stdout","time":1394.579055491,"data":" N_window            Skenario    Metode  C_kelas  n_window  n_fitur  n_fold       Akurasi     Precision        Recall            F1\n"}
,{"stream_name":"stdout","time":1394.579111145,"data":"      200 S1_Normal_vs_Faulty EDM-Fuzzy        2       200       40       5 0.576 ± 0.034 0.586 ± 0.042 0.584 ± 0.039 0.573 ± 0.033\n"}
,{"stream_name":"stdout","time":1394.579119297,"data":"      200 S1_Normal_vs_Faulty JSD-Fuzzy        2       200      160       5 0.710 ± 0.065 0.712 ± 0.065 0.715 ± 0.068 0.707 ± 0.066\n"}
,{"stream_name":"stdout","time":1394.579126476,"data":"      200    S2_Fault_Tunggal EDM-Fuzzy        5       500       40       5 0.368 ± 0.043 0.373 ± 0.059 0.377 ± 0.026 0.359 ± 0.043\n"}
,{"stream_name":"stdout","time":1394.579132825,"data":"      200    S2_Fault_Tunggal JSD-Fuzzy        5       500      160       5 0.525 ± 0.034 0.535 ± 0.024 0.534 ± 0.014 0.519 ± 0.019\n"}
,{"stream_name":"stdout","time":1394.579138617,"data":"      200        S3_Dua_Fault EDM-Fuzzy        7       700       40       5 0.334 ± 0.037 0.345 ± 0.042 0.337 ± 0.049 0.333 ± 0.047\n"}
,{"stream_name":"stdout","time":1394.579144008,"data":"      200        S3_Dua_Fault JSD-Fuzzy        7       700      160       5 0.601 ± 0.018 0.614 ± 0.035 0.599 ± 0.022 0.598 ± 0.028\n"}
,{"stream_name":"stdout","time":1394.579149767,"data":"      200       S4_Tiga_Fault EDM-Fuzzy        5       500       40       5 0.521 ± 0.050 0.529 ± 0.050 0.520 ± 0.046 0.518 ± 0.047\n"}
,{"stream_name":"stdout","time":1394.579155259,"data":"      200       S4_Tiga_Fault JSD-Fuzzy        5       500      160       5 0.683 ± 0.052 0.687 ± 0.053 0.682 ± 0.050 0.680 ± 0.051\n"}
,{"stream_name":"stdout","time":1394.579185445,"data":"      200      S5_Empat_Fault EDM-Fuzzy        2       200       40       5 0.825 ± 0.016 0.830 ± 0.016 0.822 ± 0.012 0.821 ± 0.013\n"}
,{"stream_name":"stdout","time":1394.579189347,"data":"      200      S5_Empat_Fault JSD-Fuzzy        2       200      160       5 0.959 ± 0.021 0.963 ± 0.019 0.954 ± 0.027 0.957 ± 0.023\n"}
,{"stream_name":"stdout","time":1394.579193327,"data":"      700 S1_Normal_vs_Faulty EDM-Fuzzy        2       158       40       5 0.578 ± 0.076 0.574 ± 0.081 0.571 ± 0.077 0.570 ± 0.076\n"}
,{"stream_name":"stdout","time":1394.579213269,"data":"      700 S1_Normal_vs_Faulty JSD-Fuzzy        2       158      160       5 0.685 ± 0.038 0.693 ± 0.033 0.688 ± 0.031 0.682 ± 0.035\n"}
,{"stream_name":"stdout","time":1394.579218608,"data":"      700    S2_Fault_Tunggal EDM-Fuzzy        5       395       40       5 0.372 ± 0.058 0.355 ± 0.055 0.379 ± 0.049 0.355 ± 0.053\n"}
,{"stream_name":"stdout","time":1394.579225838,"data":"      700    S2_Fault_Tunggal JSD-Fuzzy        5       395      160       5 0.579 ± 0.063 0.591 ± 0.074 0.582 ± 0.048 0.569 ± 0.051\n"}
,{"stream_name":"stdout","time":1394.579231596,"data":"      700        S3_Dua_Fault EDM-Fuzzy        7       553       40       5 0.392 ± 0.030 0.393 ± 0.029 0.397 ± 0.033 0.388 ± 0.030\n"}
,{"stream_name":"stdout","time":1394.5792368,"data":"      700        S3_Dua_Fault JSD-Fuzzy        7       553      160       5 0.601 ± 0.063 0.604 ± 0.059 0.601 ± 0.050 0.592 ± 0.056\n"}
,{"stream_name":"stdout","time":1394.579241317,"data":"      700       S4_Tiga_Fault EDM-Fuzzy        5       395       40       5 0.508 ± 0.016 0.536 ± 0.024 0.510 ± 0.016 0.511 ± 0.013\n"}
,{"stream_name":"stdout","time":1394.579245995,"data":"      700       S4_Tiga_Fault JSD-Fuzzy        5       395      160       5 0.624 ± 0.024 0.630 ± 0.024 0.626 ± 0.027 0.622 ± 0.027\n"}
,{"stream_name":"stdout","time":1394.579250332,"data":"      700      S5_Empat_Fault EDM-Fuzzy        2       158       40       5 0.855 ± 0.036 0.855 ± 0.035 0.857 ± 0.036 0.855 ± 0.035\n"}
,{"stream_name":"stdout","time":1394.579254579,"data":"      700      S5_Empat_Fault JSD-Fuzzy        2       158      160       5 0.922 ± 0.025 0.927 ± 0.026 0.919 ± 0.024 0.921 ± 0.025\n"}
,{"stream_name":"stdout","time":1394.579259019,"data":"     1000 S1_Normal_vs_Faulty EDM-Fuzzy        2       110       40       5 0.593 ± 0.039 0.595 ± 0.035 0.594 ± 0.034 0.590 ± 0.038\n"}
,{"stream_name":"stdout","time":1394.579263542,"data":"     1000 S1_Normal_vs_Faulty JSD-Fuzzy        2       110      160       5 0.734 ± 0.085 0.746 ± 0.077 0.733 ± 0.084 0.727 ± 0.088\n"}
,{"stream_name":"stdout","time":1394.579267994,"data":"     1000    S2_Fault_Tunggal EDM-Fuzzy        5       275       40       5 0.376 ± 0.060 0.391 ± 0.044 0.391 ± 0.042 0.371 ± 0.046\n"}
,{"stream_name":"stdout","time":1394.579272532,"data":"     1000    S2_Fault_Tunggal JSD-Fuzzy        5       275      160       5 0.553 ± 0.039 0.556 ± 0.042 0.562 ± 0.021 0.530 ± 0.032\n"}
,{"stream_name":"stdout","time":1394.579276831,"data":"     1000        S3_Dua_Fault EDM-Fuzzy        7       385       40       5 0.422 ± 0.061 0.447 ± 0.040 0.433 ± 0.053 0.422 ± 0.056\n"}
,{"stream_name":"stdout","time":1394.579281238,"data":"     1000        S3_Dua_Fault JSD-Fuzzy        7       385      160       5 0.540 ± 0.094 0.546 ± 0.100 0.542 ± 0.092 0.536 ± 0.095\n"}
,{"stream_name":"stdout","time":1394.579285591,"data":"     1000       S4_Tiga_Fault EDM-Fuzzy        5       275       40       5 0.566 ± 0.051 0.573 ± 0.061 0.569 ± 0.048 0.563 ± 0.053\n"}
,{"stream_name":"stdout","time":1394.579314919,"data":"     1000       S4_Tiga_Fault JSD-Fuzzy        5       275      160       5 0.649 ± 0.032 0.666 ± 0.049 0.646 ± 0.039 0.641 ± 0.041\n"}
,{"stream_name":"stdout","time":1394.57932162,"data":"     1000      S5_Empat_Fault EDM-Fuzzy        2       110       40       5 0.809 ± 0.093 0.809 ± 0.099 0.807 ± 0.096 0.806 ± 0.096\n"}
,{"stream_name":"stdout","time":1394.57932698,"data":"     1000      S5_Empat_Fault JSD-Fuzzy        2       110      160       5 0.872 ± 0.054 0.894 ± 0.042 0.872 ± 0.058 0.867 ± 0.059\n"}
,{"stream_name":"stdout","time":1394.642383721,"data":"=== Biaya komputasi (termasuk grid search di dalam tiap fold) ===\n"}
,{"stream_name":"stdout","time":1394.642427095,"data":" N_window            Skenario    Metode  cpu_s_total  wall_s_total  peak_mem_mb  fit_s_per_fold  infer_ms_per_window\n"}
,{"stream_name":"stdout","time":1394.642432715,"data":"      200 S1_Normal_vs_Faulty EDM-Fuzzy          8.2          28.0          3.7            5.55                0.137\n"}
,{"stream_name":"stdout","time":1394.642437477,"data":"      200 S1_Normal_vs_Faulty JSD-Fuzzy          8.0          10.6         12.0            2.07                0.182\n"}
,{"stream_name":"stdout","time":1394.642441592,"data":"      200    S2_Fault_Tunggal EDM-Fuzzy         80.0         100.7          9.9           20.07                0.077\n"}
,{"stream_name":"stdout","time":1394.642445519,"data":"      200    S2_Fault_Tunggal JSD-Fuzzy         31.8         114.3         12.1           22.77                0.092\n"}
,{"stream_name":"stdout","time":1394.642449497,"data":"      200        S3_Dua_Fault EDM-Fuzzy         31.4          65.6          9.4           13.04                0.048\n"}
,{"stream_name":"stdout","time":1394.6424539,"data":"      200        S3_Dua_Fault JSD-Fuzzy         21.2          39.7         13.9            7.86                0.071\n"}
,{"stream_name":"stdout","time":1394.642458456,"data":"      200       S4_Tiga_Fault EDM-Fuzzy          9.8          19.1          7.5            3.74                0.067\n"}
,{"stream_name":"stdout","time":1394.642463217,"data":"      200       S4_Tiga_Fault JSD-Fuzzy         10.5          19.9         13.9            3.90                0.074\n"}
,{"stream_name":"stdout","time":1394.64246735,"data":"      200      S5_Empat_Fault EDM-Fuzzy          3.8           8.8          4.2            1.69                0.132\n"}
,{"stream_name":"stdout","time":1394.642471446,"data":"      200      S5_Empat_Fault JSD-Fuzzy          4.6           7.2         10.4            1.38                0.149\n"}
,{"stream_name":"stdout","time":1394.642475577,"data":"      700 S1_Normal_vs_Faulty EDM-Fuzzy          4.1          15.8          4.0            3.11                0.154\n"}
,{"stream_name":"stdout","time":1394.64248018,"data":"      700 S1_Normal_vs_Faulty JSD-Fuzzy          6.6           9.3          8.4            1.82                0.222\n"}
,{"stream_name":"stdout","time":1394.642484486,"data":"      700    S2_Fault_Tunggal EDM-Fuzzy         44.9         100.4          7.2           20.03                0.079\n"}
,{"stream_name":"stdout","time":1394.642488686,"data":"      700    S2_Fault_Tunggal JSD-Fuzzy         73.9         116.2         12.9           23.19                0.103\n"}
,{"stream_name":"stdout","time":1394.642493092,"data":"      700        S3_Dua_Fault EDM-Fuzzy         44.5          81.1          9.8           16.16                0.075\n"}
,{"stream_name":"stdout","time":1394.64249902,"data":"      700        S3_Dua_Fault JSD-Fuzzy         13.2          25.9         17.0            5.14                0.070\n"}
,{"stream_name":"stdout","time":1394.642503689,"data":"      700       S4_Tiga_Fault EDM-Fuzzy          9.4          17.1          6.7            3.37                0.086\n"}
,{"stream_name":"stdout","time":1394.642536612,"data":"      700       S4_Tiga_Fault JSD-Fuzzy          8.5          16.2         12.3            3.20                0.102\n"}
,{"stream_name":"stdout","time":1394.642541646,"data":"      700      S5_Empat_Fault EDM-Fuzzy          4.3          10.0          5.0            1.96                0.145\n"}
,{"stream_name":"stdout","time":1394.642545634,"data":"      700      S5_Empat_Fault JSD-Fuzzy          5.1           8.0          7.2            1.57                0.210\n"}
,{"stream_name":"stdout","time":1394.642549651,"data":"     1000 S1_Normal_vs_Faulty EDM-Fuzzy          4.9          12.2          5.4            2.41                0.201\n"}
,{"stream_name":"stdout","time":1394.64255445,"data":"     1000 S1_Normal_vs_Faulty JSD-Fuzzy          5.0           7.9         10.5            1.54                0.277\n"}
,{"stream_name":"stdout","time":1394.642558492,"data":"     1000    S2_Fault_Tunggal EDM-Fuzzy         21.5          62.9          3.7           12.54                0.105\n"}
,{"stream_name":"stdout","time":1394.642584094,"data":"     1000    S2_Fault_Tunggal JSD-Fuzzy         27.0          56.7         12.8           11.31                0.143\n"}
,{"stream_name":"stdout","time":1394.642589799,"data":"     1000        S3_Dua_Fault EDM-Fuzzy         23.5          44.2          8.0            8.79                0.089\n"}
,{"stream_name":"stdout","time":1394.642593802,"data":"     1000        S3_Dua_Fault JSD-Fuzzy          8.8          18.6         11.0            3.67                0.096\n"}
,{"stream_name":"stdout","time":1394.642597983,"data":"     1000       S4_Tiga_Fault EDM-Fuzzy          5.5          10.7          6.6            2.10                0.098\n"}
,{"stream_name":"stdout","time":1394.642601747,"data":"     1000       S4_Tiga_Fault JSD-Fuzzy          6.2          11.4          8.7            2.25                0.133\n"}
,{"stream_name":"stdout","time":1394.642605588,"data":"     1000      S5_Empat_Fault EDM-Fuzzy          2.9           8.0          3.5            1.58                0.194\n"}
,{"stream_name":"stdout","time":1394.642610074,"data":"     1000      S5_Empat_Fault JSD-Fuzzy          3.8           6.9          7.2            1.34                0.261\n"}
,{"stream_name":"stdout","time":1394.661749901,"data":"\n"}
,{"stream_name":"stdout","time":1394.661791007,"data":"=== Rata-rata per metode x panjang window ===\n"}
,{"stream_name":"stdout","time":1394.661796663,"data":"                    cpu_s_total  wall_s_total  peak_mem_mb  fit_s_per_fold  infer_ms_per_window\n"}
,{"stream_name":"stdout","time":1394.661800823,"data":"N_window Metode                                                                                \n"}
,{"stream_name":"stdout","time":1394.661805084,"data":"200      EDM-Fuzzy        26.64         44.44         6.94           8.818                0.092\n"}
,{"stream_name":"stdout","time":1394.661808974,"data":"         JSD-Fuzzy        15.22         38.34        12.46           7.596                0.114\n"}
,{"stream_name":"stdout","time":1394.661813243,"data":"700      EDM-Fuzzy        21.44         44.88         6.54           8.926                0.108\n"}
,{"stream_name":"stdout","time":1394.66181723,"data":"         JSD-Fuzzy        21.46         35.12        11.56           6.984                0.141\n"}
,{"stream_name":"stdout","time":1394.661831495,"data":"1000     EDM-Fuzzy        11.66         27.60         5.44           5.484                0.137\n"}
,{"stream_name":"stdout","time":1394.661835864,"data":"         JSD-Fuzzy        10.16         20.30        10.04           4.022                0.182\n"}
,{"stream_name":"stdout","time":1394.673658471,"data":"\n"}
,{"stream_name":"stdout","time":1394.673702729,"data":"=== Ongkos ekstraksi fitur (jalan tiap window di sistem nyata) ===\n"}
,{"stream_name":"stdout","time":1394.673732385,"data":" N_window    Metode  n_window  n_fitur  wall_s  cpu_s  peak_mem_mb  ms_per_window\n"}
,{"stream_name":"stdout","time":1394.673738013,"data":"      200 EDM-Fuzzy      1700       40   21.13  12.92         10.6          12.43\n"}
,{"stream_name":"stdout","time":1394.673743569,"data":"      200 JSD-Fuzzy      1700      160   35.55  25.73         10.4          20.91\n"}
,{"stream_name":"stdout","time":1394.673748326,"data":"      700 EDM-Fuzzy      1679       40   40.00  25.07         32.0          23.82\n"}
,{"stream_name":"stdout","time":1394.673752828,"data":"      700 JSD-Fuzzy      1679      160   75.29  51.73         32.0          44.84\n"}
,{"stream_name":"stdout","time":1394.67375821,"data":"     1000 EDM-Fuzzy      1655       40   48.99  25.38         32.1          29.60\n"}
,{"stream_name":"stdout","time":1394.673763005,"data":"     1000 JSD-Fuzzy      1655      160   89.83  51.02         32.0          54.28\n"}
,{"stream_name":"stdout","time":1394.673767484,"data":"\n"}
,{"stream_name":"stdout","time":1394.673771126,"data":"=== Arsitektur hidden layer yang dipilih Grid Search ===\n"}
,{"stream_name":"stdout","time":1394.673774908,"data":" N_window            Skenario    Metode                                   Hidden_terpilih Aktivasi_terpilih\n"}
,{"stream_name":"stdout","time":1394.673779243,"data":"      200 S1_Normal_vs_Faulty EDM-Fuzzy                (128, 32); (128,); (32,); (64, 32)              relu\n"}
,{"stream_name":"stdout","time":1394.673783348,"data":"      200 S1_Normal_vs_Faulty JSD-Fuzzy        (128, 32); (128, 64, 32); (128,); (64, 16)        relu; tanh\n"}
,{"stream_name":"stdout","time":1394.673787664,"data":"      200    S2_Fault_Tunggal EDM-Fuzzy               (128, 32); (128, 64); (128, 64, 32)        relu; tanh\n"}
,{"stream_name":"stdout","time":1394.673791499,"data":"      200    S2_Fault_Tunggal JSD-Fuzzy                    (128,); (32,); (64, 32); (64,)              relu\n"}
,{"stream_name":"stdout","time":1394.67379566,"data":"      200        S3_Dua_Fault EDM-Fuzzy (128, 32); (128, 64, 32); (128,); (32,); (64, 32)              relu\n"}
,{"stream_name":"stdout","time":1394.673800082,"data":"      200        S3_Dua_Fault JSD-Fuzzy                                 (128, 32); (128,)        relu; tanh\n"}
,{"stream_name":"stdout","time":1394.673816653,"data":"      200       S4_Tiga_Fault EDM-Fuzzy                       (128, 32); (128, 64); (32,)        relu; tanh\n"}
,{"stream_name":"stdout","time":1394.673822064,"data":"      200       S4_Tiga_Fault JSD-Fuzzy                          (128, 64); (128,); (64,)        relu; tanh\n"}
,{"stream_name":"stdout","time":1394.673827019,"data":"      200      S5_Empat_Fault EDM-Fuzzy                        (128, 32); (32,); (64, 32)        relu; tanh\n"}
,{"stream_name":"stdout","time":1394.673831413,"data":"      200      S5_Empat_Fault JSD-Fuzzy                 (128, 64); (32,); (64, 16); (64,)              relu\n"}
,{"stream_name":"stdout","time":1394.673836359,"data":"      700 S1_Normal_vs_Faulty EDM-Fuzzy                        (128, 32); (32,); (64, 16)        relu; tanh\n"}
,{"stream_name":"stdout","time":1394.673843658,"data":"      700 S1_Normal_vs_Faulty JSD-Fuzzy                     (128, 32); (64, 16); (64, 32)        relu; tanh\n"}
,{"stream_name":"stdout","time":1394.67384764,"data":"      700    S2_Fault_Tunggal EDM-Fuzzy  (128, 32); (128, 64); (128,); (64, 16); (64, 32)        relu; tanh\n"}
,{"stream_name":"stdout","time":1394.673851825,"data":"      700    S2_Fault_Tunggal JSD-Fuzzy           (128, 32); (128, 64, 32); (128,); (64,)              relu\n"}
,{"stream_name":"stdout","time":1394.673856,"data":"      700        S3_Dua_Fault EDM-Fuzzy     (128, 32); (128, 64); (128, 64, 32); (64, 32)        relu; tanh\n"}
,{"stream_name":"stdout","time":1394.673866322,"data":"      700        S3_Dua_Fault JSD-Fuzzy                    (128, 32); (128, 64); (64, 16)        relu; tanh\n"}
,{"stream_name":"stdout","time":1394.673870661,"data":"      700       S4_Tiga_Fault EDM-Fuzzy     (128, 32); (128, 64); (128,); (32,); (64, 32)        relu; tanh\n"}
,{"stream_name":"stdout","time":1394.673874808,"data":"      700       S4_Tiga_Fault JSD-Fuzzy         (128, 32); (128, 64, 32); (64, 32); (64,)        relu; tanh\n"}
,{"stream_name":"stdout","time":1394.673878862,"data":"      700      S5_Empat_Fault EDM-Fuzzy              (128, 64); (64, 16); (64, 32); (64,)              relu\n"}
,{"stream_name":"stdout","time":1394.673882746,"data":"      700      S5_Empat_Fault JSD-Fuzzy                           (128,); (64, 16); (64,)        relu; tanh\n"}
,{"stream_name":"stdout","time":1394.673887225,"data":"     1000 S1_Normal_vs_Faulty EDM-Fuzzy        (128, 64); (128, 64, 32); (128,); (64, 32)        relu; tanh\n"}
,{"stream_name":"stdout","time":1394.673891274,"data":"     1000 S1_Normal_vs_Faulty JSD-Fuzzy         (128, 32); (128, 64, 32); (32,); (64, 16)        relu; tanh\n"}
,{"stream_name":"stdout","time":1394.673895291,"data":"     1000    S2_Fault_Tunggal EDM-Fuzzy                        (128,); (64, 16); (64, 32)        relu; tanh\n"}
,{"stream_name":"stdout","time":1394.673899814,"data":"     1000    S2_Fault_Tunggal JSD-Fuzzy                       (128, 64); (128,); (64, 32)        relu; tanh\n"}
,{"stream_name":"stdout","time":1394.673903634,"data":"     1000        S3_Dua_Fault EDM-Fuzzy                    (128, 64, 32); (32,); (64, 32)        relu; tanh\n"}
,{"stream_name":"stdout","time":1394.673907487,"data":"     1000        S3_Dua_Fault JSD-Fuzzy                (128, 32); (128,); (64, 32); (64,)        relu; tanh\n"}
,{"stream_name":"stdout","time":1394.673911591,"data":"     1000       S4_Tiga_Fault EDM-Fuzzy                (128, 64); (128,); (64, 32); (64,)        relu; tanh\n"}
,{"stream_name":"stdout","time":1394.673915889,"data":"     1000       S4_Tiga_Fault JSD-Fuzzy                    (128,); (32,); (64, 32); (64,)        relu; tanh\n"}
,{"stream_name":"stdout","time":1394.673920793,"data":"     1000      S5_Empat_Fault EDM-Fuzzy                        (128, 32); (32,); (64, 16)              relu\n"}
,{"stream_name":"stdout","time":1394.673925363,"data":"     1000      S5_Empat_Fault JSD-Fuzzy                                     (128,); (32,)              relu\n"}
,{"stream_name":"stdout","time":1396.395876447,"data":"[Tersimpan] exports/07_performa_vs_komputasi.png\n"}
,{"stream_name":"stdout","time":1397.713605087,"data":" N_window            Skenario    Metode  Akurasi     F1\n"}
,{"stream_name":"stdout","time":1397.713649811,"data":"     1000 S1_Normal_vs_Faulty JSD-Fuzzy   0.7343 0.7269\n"}
,{"stream_name":"stdout","time":1397.713654916,"data":"      700    S2_Fault_Tunggal JSD-Fuzzy   0.5793 0.5687\n"}
,{"stream_name":"stdout","time":1397.713661258,"data":"      200        S3_Dua_Fault JSD-Fuzzy   0.6014 0.5975\n"}
,{"stream_name":"stdout","time":1397.713687694,"data":"      200       S4_Tiga_Fault JSD-Fuzzy   0.6832 0.6796\n"}
,{"stream_name":"stdout","time":1397.713690991,"data":"      200      S5_Empat_Fault JSD-Fuzzy   0.9587 0.9571\n"}
,{"stream_name":"stdout","time":1397.853777811,"data":"[t+  23.1 min] identifikasi sensor | N=200 | S1_Normal_vs_Faulty | EDM-Fuzzy\n"}
,{"stream_name":"stdout","time":1403.966128875,"data":"[t+  23.2 min] identifikasi sensor | N=200 | S1_Normal_vs_Faulty | JSD-Fuzzy\n"}
,{"stream_name":"stdout","time":1408.208653888,"data":"[t+  23.3 min] identifikasi sensor | N=200 | S2_Fault_Tunggal | EDM-Fuzzy\n"}
,{"stream_name":"stdout","time":1421.650089584,"data":"[t+  23.5 min] identifikasi sensor | N=200 | S2_Fault_Tunggal | JSD-Fuzzy\n"}
,{"stream_name":"stdout","time":1455.374206863,"data":"[t+  24.0 min] identifikasi sensor | N=200 | S3_Dua_Fault | EDM-Fuzzy\n"}
,{"stream_name":"stdout","time":1471.79202351,"data":"[t+  24.3 min] identifikasi sensor | N=200 | S3_Dua_Fault | JSD-Fuzzy\n"}
,{"stream_name":"stdout","time":1481.604918849,"data":"[t+  24.5 min] identifikasi sensor | N=200 | S4_Tiga_Fault | EDM-Fuzzy\n"}
,{"stream_name":"stdout","time":1494.955063738,"data":"[t+  24.7 min] identifikasi sensor | N=200 | S4_Tiga_Fault | JSD-Fuzzy\n"}
,{"stream_name":"stdout","time":1499.851616102,"data":"[t+  24.8 min] identifikasi sensor | N=200 | S5_Empat_Fault | EDM-Fuzzy\n"}
,{"stream_name":"stdout","time":1502.711059716,"data":"[t+  24.8 min] identifikasi sensor | N=200 | S5_Empat_Fault | JSD-Fuzzy\n"}
,{"stream_name":"stdout","time":1505.718943602,"data":"[t+  24.9 min] identifikasi sensor | N=700 | S1_Normal_vs_Faulty | EDM-Fuzzy\n"}
,{"stream_name":"stdout","time":1510.954965714,"data":"[t+  25.0 min] identifikasi sensor | N=700 | S1_Normal_vs_Faulty | JSD-Fuzzy\n"}
,{"stream_name":"stdout","time":1514.334537229,"data":"[t+  25.0 min] identifikasi sensor | N=700 | S2_Fault_Tunggal | EDM-Fuzzy\n"}
,{"stream_name":"stdout","time":1526.183257573,"data":"[t+  25.2 min] identifikasi sensor | N=700 | S2_Fault_Tunggal | JSD-Fuzzy\n"}
,{"stream_name":"stdout","time":1535.839039697,"data":"[t+  25.4 min] identifikasi sensor | N=700 | S3_Dua_Fault | EDM-Fuzzy\n"}
,{"stream_name":"stdout","time":1549.066605206,"data":"[t+  25.6 min] identifikasi sensor | N=700 | S3_Dua_Fault | JSD-Fuzzy\n"}
,{"stream_name":"stdout","time":1555.350934973,"data":"[t+  25.7 min] identifikasi sensor | N=700 | S4_Tiga_Fault | EDM-Fuzzy\n"}
,{"stream_name":"stdout","time":1562.388310746,"data":"[t+  25.8 min] identifikasi sensor | N=700 | S4_Tiga_Fault | JSD-Fuzzy\n"}
,{"stream_name":"stdout","time":1566.106978502,"data":"[t+  25.9 min] identifikasi sensor | N=700 | S5_Empat_Fault | EDM-Fuzzy\n"}
,{"stream_name":"stdout","time":1569.481893905,"data":"[t+  25.9 min] identifikasi sensor | N=700 | S5_Empat_Fault | JSD-Fuzzy\n"}
,{"stream_name":"stdout","time":1572.274981942,"data":"[t+  26.0 min] identifikasi sensor | N=1000 | S1_Normal_vs_Faulty | EDM-Fuzzy\n"}
,{"stream_name":"stdout","time":1576.960341161,"data":"[t+  26.1 min] identifikasi sensor | N=1000 | S1_Normal_vs_Faulty | JSD-Fuzzy\n"}
,{"stream_name":"stdout","time":1579.398890602,"data":"[t+  26.1 min] identifikasi sensor | N=1000 | S2_Fault_Tunggal | EDM-Fuzzy\n"}
,{"stream_name":"stdout","time":1591.161864715,"data":"[t+  26.3 min] identifikasi sensor | N=1000 | S2_Fault_Tunggal | JSD-Fuzzy\n"}
,{"stream_name":"stdout","time":1603.230634991,"data":"[t+  26.5 min] identifikasi sensor | N=1000 | S3_Dua_Fault | EDM-Fuzzy\n"}
,{"stream_name":"stdout","time":1616.43133939,"data":"[t+  26.7 min] identifikasi sensor | N=1000 | S3_Dua_Fault | JSD-Fuzzy\n"}
,{"stream_name":"stdout","time":1622.01685123,"data":"[t+  26.8 min] identifikasi sensor | N=1000 | S4_Tiga_Fault | EDM-Fuzzy\n"}
,{"stream_name":"stdout","time":1626.267982684,"data":"[t+  26.9 min] identifikasi sensor | N=1000 | S4_Tiga_Fault | JSD-Fuzzy\n"}
,{"stream_name":"stdout","time":1629.744879973,"data":"[t+  26.9 min] identifikasi sensor | N=1000 | S5_Empat_Fault | EDM-Fuzzy\n"}
,{"stream_name":"stdout","time":1632.458087751,"data":"[t+  27.0 min] identifikasi sensor | N=1000 | S5_Empat_Fault | JSD-Fuzzy\n"}
,{"stream_name":"stdout","time":1635.204772292,"data":"Selesai: 450 baris hasil identifikasi sensor\n"}
,{"stream_name":"stdout","time":1635.297692267,"data":"=== Identifikasi sensor rusak — end-to-end (dirantai dari ANN-LM) ===\n"}
,{"stream_name":"stdout","time":1635.297740382,"data":" N_window            Skenario    Metode        Sensor  n_window  Prevalensi  Akurasi  Precision  Recall    F1  ROC_AUC\n"}
,{"stream_name":"stdout","time":1635.297773885,"data":"      200 S1_Normal_vs_Faulty EDM-Fuzzy            S1        88       0.398    0.557      0.466   0.771 0.581    0.516\n"}
,{"stream_name":"stdout","time":1635.29777831,"data":"      200 S1_Normal_vs_Faulty EDM-Fuzzy            S2        88       0.375    0.511      0.407   0.667 0.506    0.545\n"}
,{"stream_name":"stdout","time":1635.297781675,"data":"      200 S1_Normal_vs_Faulty EDM-Fuzzy            S3        88       0.398    0.500      0.437   0.886 0.585    0.494\n"}
,{"stream_name":"stdout","time":1635.297784794,"data":"      200 S1_Normal_vs_Faulty EDM-Fuzzy            S4        88       0.432    0.534      0.477   0.816 0.602    0.614\n"}
,{"stream_name":"stdout","time":1635.297787903,"data":"      200 S1_Normal_vs_Faulty EDM-Fuzzy SEMUA-4-BENAR        88         NaN    0.170        NaN     NaN 0.568      NaN\n"}
,{"stream_name":"stdout","time":1635.297791162,"data":"      200 S1_Normal_vs_Faulty JSD-Fuzzy            S1        90       0.533    0.767      0.714   0.938 0.811    0.875\n"}
,{"stream_name":"stdout","time":1635.297794419,"data":"      200 S1_Normal_vs_Faulty JSD-Fuzzy            S2        90       0.489    0.733      0.672   0.886 0.765    0.827\n"}
,{"stream_name":"stdout","time":1635.297797585,"data":"      200 S1_Normal_vs_Faulty JSD-Fuzzy            S3        90       0.489    0.711      0.650   0.886 0.750    0.861\n"}
,{"stream_name":"stdout","time":1635.297800717,"data":"      200 S1_Normal_vs_Faulty JSD-Fuzzy            S4        90       0.556    0.678      0.644   0.940 0.764    0.782\n"}
,{"stream_name":"stdout","time":1635.297803887,"data":"      200 S1_Normal_vs_Faulty JSD-Fuzzy SEMUA-4-BENAR        90         NaN    0.433        NaN     NaN 0.772      NaN\n"}
,{"stream_name":"stdout","time":1635.297807137,"data":"      200    S2_Fault_Tunggal EDM-Fuzzy            S1       396       0.477    0.545      0.516   0.751 0.612    0.585\n"}
,{"stream_name":"stdout","time":1635.297810256,"data":"      200    S2_Fault_Tunggal EDM-Fuzzy            S2       396       0.530    0.538      0.546   0.757 0.635    0.520\n"}
,{"stream_name":"stdout","time":1635.297813383,"data":"      200    S2_Fault_Tunggal EDM-Fuzzy            S3       396       0.520    0.566      0.558   0.791 0.655    0.564\n"}
,{"stream_name":"stdout","time":1635.29781651,"data":"      200    S2_Fault_Tunggal EDM-Fuzzy            S4       396       0.520    0.505      0.517   0.738 0.608    0.477\n"}
,{"stream_name":"stdout","time":1635.297819691,"data":"      200    S2_Fault_Tunggal EDM-Fuzzy SEMUA-4-BENAR       396         NaN    0.149        NaN     NaN 0.627      NaN\n"}
,{"stream_name":"stdout","time":1635.297824074,"data":"      200    S2_Fault_Tunggal JSD-Fuzzy            S1       398       0.503    0.623      0.602   0.740 0.664    0.682\n"}
,{"stream_name":"stdout","time":1635.297827415,"data":"      200    S2_Fault_Tunggal JSD-Fuzzy            S2       398       0.575    0.688      0.695   0.817 0.751    0.697\n"}
,{"stream_name":"stdout","time":1635.297830605,"data":"      200    S2_Fault_Tunggal JSD-Fuzzy            S3       398       0.560    0.704      0.687   0.865 0.766    0.754\n"}
,{"stream_name":"stdout","time":1635.297833808,"data":"      200    S2_Fault_Tunggal JSD-Fuzzy            S4       398       0.543    0.666      0.655   0.810 0.725    0.706\n"}
,{"stream_name":"stdout","time":1635.29783702,"data":"      200    S2_Fault_Tunggal JSD-Fuzzy SEMUA-4-BENAR       398         NaN    0.362        NaN     NaN 0.726      NaN\n"}
,{"stream_name":"stdout","time":1635.297840164,"data":"      200        S3_Dua_Fault EDM-Fuzzy            S1       593       0.585    0.696      0.730   0.764 0.746    0.750\n"}
,{"stream_name":"stdout","time":1635.297847272,"data":"      200        S3_Dua_Fault EDM-Fuzzy            S2       593       0.535    0.639      0.634   0.767 0.694    0.695\n"}
,{"stream_name":"stdout","time":1635.297850649,"data":"      200        S3_Dua_Fault EDM-Fuzzy            S3       593       0.568    0.651      0.661   0.792 0.721    0.667\n"}
,{"stream_name":"stdout","time":1635.297853932,"data":"      200        S3_Dua_Fault EDM-Fuzzy            S4       593       0.546    0.616      0.620   0.765 0.685    0.684\n"}
,{"stream_name":"stdout","time":1635.297857064,"data":"      200        S3_Dua_Fault EDM-Fuzzy SEMUA-4-BENAR       593         NaN    0.275        NaN     NaN 0.712      NaN\n"}
,{"stream_name":"stdout","time":1635.297860175,"data":"      200        S3_Dua_Fault JSD-Fuzzy            S1       583       0.633    0.892      0.907   0.924 0.915    0.936\n"}
,{"stream_name":"stdout","time":1635.297863284,"data":"      200        S3_Dua_Fault JSD-Fuzzy            S2       583       0.580    0.873      0.869   0.920 0.894    0.935\n"}
,{"stream_name":"stdout","time":1635.297866391,"data":"      200        S3_Dua_Fault JSD-Fuzzy            S3       583       0.604    0.854      0.852   0.918 0.884    0.910\n"}
,{"stream_name":"stdout","time":1635.297869531,"data":"      200        S3_Dua_Fault JSD-Fuzzy            S4       583       0.578    0.827      0.822   0.893 0.856    0.895\n"}
,{"stream_name":"stdout","time":1635.297873051,"data":"      200        S3_Dua_Fault JSD-Fuzzy SEMUA-4-BENAR       583         NaN    0.666        NaN     NaN 0.887      NaN\n"}
,{"stream_name":"stdout","time":1635.297876205,"data":"      200       S4_Tiga_Fault EDM-Fuzzy            S1       395       0.641    0.722      0.774   0.798 0.786    0.759\n"}
,{"stream_name":"stdout","time":1635.297879349,"data":"      200       S4_Tiga_Fault EDM-Fuzzy            S2       395       0.501    0.686      0.645   0.833 0.727    0.763\n"}
,{"stream_name":"stdout","time":1635.297882853,"data":"      200       S4_Tiga_Fault EDM-Fuzzy            S3       395       0.587    0.704      0.719   0.815 0.764    0.755\n"}
,{"stream_name":"stdout","time":1635.297886065,"data":"      200       S4_Tiga_Fault EDM-Fuzzy            S4       395       0.544    0.737      0.728   0.823 0.773    0.797\n"}
,{"stream_name":"stdout","time":1635.297889193,"data":"      200       S4_Tiga_Fault EDM-Fuzzy SEMUA-4-BENAR       395         NaN    0.319        NaN     NaN 0.762      NaN\n"}
,{"stream_name":"stdout","time":1635.297892326,"data":"      200       S4_Tiga_Fault JSD-Fuzzy            S1       393       0.692    0.954      0.954   0.982 0.967    0.977\n"}
,{"stream_name":"stdout","time":1635.297895445,"data":"      200       S4_Tiga_Fault JSD-Fuzzy            S2       393       0.555    0.931      0.913   0.968 0.940    0.975\n"}
,{"stream_name":"stdout","time":1635.297898562,"data":"      200       S4_Tiga_Fault JSD-Fuzzy            S3       393       0.631    0.952      0.946   0.980 0.962    0.978\n"}
,{"stream_name":"stdout","time":1635.29790168,"data":"      200       S4_Tiga_Fault JSD-Fuzzy            S4       393       0.588    0.939      0.919   0.983 0.950    0.966\n"}
,{"stream_name":"stdout","time":1635.29790493,"data":"      200       S4_Tiga_Fault JSD-Fuzzy SEMUA-4-BENAR       393         NaN    0.855        NaN     NaN 0.955      NaN\n"}
,{"stream_name":"stdout","time":1635.297908124,"data":"      200      S5_Empat_Fault EDM-Fuzzy            S1        99       0.606    0.828      0.812   0.933 0.868    0.921\n"}
,{"stream_name":"stdout","time":1635.297911241,"data":"      200      S5_Empat_Fault EDM-Fuzzy            S2        99       0.343    0.788      0.627   0.941 0.753    0.920\n"}
,{"stream_name":"stdout","time":1635.297914352,"data":"      200      S5_Empat_Fault EDM-Fuzzy            S3        99       0.545    0.828      0.785   0.944 0.857    0.875\n"}
,{"stream_name":"stdout","time":1635.29792067,"data":"      200      S5_Empat_Fault EDM-Fuzzy            S4        99       0.707    0.778      0.816   0.886 0.849    0.842\n"}
,{"stream_name":"stdout","time":1635.297923996,"data":"      200      S5_Empat_Fault EDM-Fuzzy SEMUA-4-BENAR        99         NaN    0.495        NaN     NaN 0.832      NaN\n"}
,{"stream_name":"stdout","time":1635.297927097,"data":"      200      S5_Empat_Fault JSD-Fuzzy            S1        98       0.663    0.990      0.985   1.000 0.992    0.998\n"}
,{"stream_name":"stdout","time":1635.297930219,"data":"      200      S5_Empat_Fault JSD-Fuzzy            S2        98       0.398    0.949      0.886   1.000 0.940    1.000\n"}
,{"stream_name":"stdout","time":1635.297933371,"data":"      200      S5_Empat_Fault JSD-Fuzzy            S3        98       0.612    0.949      0.937   0.983 0.959    0.985\n"}
,{"stream_name":"stdout","time":1635.297936491,"data":"      200      S5_Empat_Fault JSD-Fuzzy            S4        98       0.827    0.980      0.988   0.988 0.988    0.999\n"}
,{"stream_name":"stdout","time":1635.297939636,"data":"      200      S5_Empat_Fault JSD-Fuzzy SEMUA-4-BENAR        98         NaN    0.898        NaN     NaN 0.970      NaN\n"}
,{"stream_name":"stdout","time":1635.297943302,"data":"      700 S1_Normal_vs_Faulty EDM-Fuzzy            S1        74       0.419    0.649      0.556   0.806 0.658    0.746\n"}
,{"stream_name":"stdout","time":1635.297946589,"data":"      700 S1_Normal_vs_Faulty EDM-Fuzzy            S2        74       0.446    0.595      0.533   0.727 0.615    0.605\n"}
,{"stream_name":"stdout","time":1635.29794971,"data":"      700 S1_Normal_vs_Faulty EDM-Fuzzy            S3        74       0.392    0.514      0.436   0.828 0.571    0.641\n"}
,{"stream_name":"stdout","time":1635.297953031,"data":"      700 S1_Normal_vs_Faulty EDM-Fuzzy            S4        74       0.392    0.581      0.480   0.828 0.608    0.659\n"}
,{"stream_name":"stdout","time":1635.29795623,"data":"      700 S1_Normal_vs_Faulty EDM-Fuzzy SEMUA-4-BENAR        74         NaN    0.270        NaN     NaN 0.613      NaN\n"}
,{"stream_name":"stdout","time":1635.297959484,"data":"      700 S1_Normal_vs_Faulty JSD-Fuzzy            S1        65       0.492    0.723      0.675   0.844 0.750    0.767\n"}
,{"stream_name":"stdout","time":1635.297962604,"data":"      700 S1_Normal_vs_Faulty JSD-Fuzzy            S2        65       0.615    0.800      0.787   0.925 0.851    0.840\n"}
,{"stream_name":"stdout","time":1635.297965715,"data":"      700 S1_Normal_vs_Faulty JSD-Fuzzy            S3        65       0.569    0.754      0.698   1.000 0.822    0.823\n"}
,{"stream_name":"stdout","time":1635.297968841,"data":"      700 S1_Normal_vs_Faulty JSD-Fuzzy            S4        65       0.538    0.692      0.660   0.886 0.756    0.700\n"}
,{"stream_name":"stdout","time":1635.29797196,"data":"      700 S1_Normal_vs_Faulty JSD-Fuzzy SEMUA-4-BENAR        65         NaN    0.492        NaN     NaN 0.795      NaN\n"}
,{"stream_name":"stdout","time":1635.297975065,"data":"      700    S2_Fault_Tunggal EDM-Fuzzy            S1       334       0.455    0.566      0.517   0.704 0.596    0.584\n"}
,{"stream_name":"stdout","time":1635.297978188,"data":"      700    S2_Fault_Tunggal EDM-Fuzzy            S2       334       0.509    0.503      0.509   0.694 0.587    0.529\n"}
,{"stream_name":"stdout","time":1635.297981587,"data":"      700    S2_Fault_Tunggal EDM-Fuzzy            S3       334       0.497    0.527      0.517   0.717 0.601    0.523\n"}
,{"stream_name":"stdout","time":1635.297984822,"data":"      700    S2_Fault_Tunggal EDM-Fuzzy            S4       334       0.503    0.536      0.527   0.744 0.617    0.560\n"}
,{"stream_name":"stdout","time":1635.29798796,"data":"      700    S2_Fault_Tunggal EDM-Fuzzy SEMUA-4-BENAR       334         NaN    0.138        NaN     NaN 0.600      NaN\n"}
,{"stream_name":"stdout","time":1635.297994395,"data":"      700    S2_Fault_Tunggal JSD-Fuzzy            S1       304       0.484    0.717      0.683   0.776 0.726    0.771\n"}
,{"stream_name":"stdout","time":1635.297997713,"data":"      700    S2_Fault_Tunggal JSD-Fuzzy            S2       304       0.556    0.734      0.742   0.799 0.769    0.807\n"}
,{"stream_name":"stdout","time":1635.298001206,"data":"      700    S2_Fault_Tunggal JSD-Fuzzy            S3       304       0.556    0.711      0.698   0.846 0.765    0.796\n"}
,{"stream_name":"stdout","time":1635.298004369,"data":"      700    S2_Fault_Tunggal JSD-Fuzzy            S4       304       0.533    0.668      0.641   0.858 0.734    0.764\n"}
,{"stream_name":"stdout","time":1635.298007492,"data":"      700    S2_Fault_Tunggal JSD-Fuzzy SEMUA-4-BENAR       304         NaN    0.395        NaN     NaN 0.748      NaN\n"}
,{"stream_name":"stdout","time":1635.298010671,"data":"      700        S3_Dua_Fault EDM-Fuzzy            S1       479       0.618    0.693      0.779   0.703 0.739    0.734\n"}
,{"stream_name":"stdout","time":1635.298013829,"data":"      700        S3_Dua_Fault EDM-Fuzzy            S2       479       0.551    0.681      0.678   0.799 0.734    0.722\n"}
,{"stream_name":"stdout","time":1635.298016944,"data":"      700        S3_Dua_Fault EDM-Fuzzy            S3       479       0.534    0.643      0.632   0.797 0.705    0.688\n"}
,{"stream_name":"stdout","time":1635.298020055,"data":"      700        S3_Dua_Fault EDM-Fuzzy            S4       479       0.539    0.639      0.641   0.748 0.691    0.680\n"}
,{"stream_name":"stdout","time":1635.298023159,"data":"      700        S3_Dua_Fault EDM-Fuzzy SEMUA-4-BENAR       479         NaN    0.292        NaN     NaN 0.717      NaN\n"}
,{"stream_name":"stdout","time":1635.298026271,"data":"      700        S3_Dua_Fault JSD-Fuzzy            S1       463       0.659    0.892      0.913   0.925 0.919    0.926\n"}
,{"stream_name":"stdout","time":1635.298029453,"data":"      700        S3_Dua_Fault JSD-Fuzzy            S2       463       0.596    0.881      0.853   0.967 0.907    0.930\n"}
,{"stream_name":"stdout","time":1635.29803265,"data":"      700        S3_Dua_Fault JSD-Fuzzy            S3       463       0.559    0.870      0.852   0.931 0.889    0.944\n"}
,{"stream_name":"stdout","time":1635.29803622,"data":"      700        S3_Dua_Fault JSD-Fuzzy            S4       463       0.553    0.853      0.813   0.953 0.878    0.899\n"}
,{"stream_name":"stdout","time":1635.298060646,"data":"      700        S3_Dua_Fault JSD-Fuzzy SEMUA-4-BENAR       463         NaN    0.672        NaN     NaN 0.898      NaN\n"}
,{"stream_name":"stdout","time":1635.298065826,"data":"      700       S4_Tiga_Fault EDM-Fuzzy            S1       315       0.663    0.835      0.879   0.871 0.875    0.845\n"}
,{"stream_name":"stdout","time":1635.298072105,"data":"      700       S4_Tiga_Fault EDM-Fuzzy            S2       315       0.511    0.705      0.675   0.814 0.738    0.774\n"}
,{"stream_name":"stdout","time":1635.298094966,"data":"      700       S4_Tiga_Fault EDM-Fuzzy            S3       315       0.597    0.743      0.747   0.862 0.800    0.797\n"}
,{"stream_name":"stdout","time":1635.298101154,"data":"      700       S4_Tiga_Fault EDM-Fuzzy            S4       315       0.527    0.765      0.721   0.904 0.802    0.835\n"}
,{"stream_name":"stdout","time":1635.298106613,"data":"      700       S4_Tiga_Fault EDM-Fuzzy SEMUA-4-BENAR       315         NaN    0.448        NaN     NaN 0.804      NaN\n"}
,{"stream_name":"stdout","time":1635.298111457,"data":"      700       S4_Tiga_Fault JSD-Fuzzy            S1       301       0.711    0.960      0.972   0.972 0.972    0.991\n"}
,{"stream_name":"stdout","time":1635.29812123,"data":"      700       S4_Tiga_Fault JSD-Fuzzy            S2       301       0.558    0.960      0.933   1.000 0.966    0.995\n"}
,{"stream_name":"stdout","time":1635.29812831,"data":"      700       S4_Tiga_Fault JSD-Fuzzy            S3       301       0.645    0.944      0.936   0.979 0.957    0.981\n"}
,{"stream_name":"stdout","time":1635.298137233,"data":"      700       S4_Tiga_Fault JSD-Fuzzy            S4       301       0.565    0.940      0.913   0.988 0.949    0.974\n"}
,{"stream_name":"stdout","time":1635.298144369,"data":"      700       S4_Tiga_Fault JSD-Fuzzy SEMUA-4-BENAR       301         NaN    0.870        NaN     NaN 0.961      NaN\n"}
,{"stream_name":"stdout","time":1635.298147739,"data":"      700      S5_Empat_Fault EDM-Fuzzy            S1        80       0.550    0.850      0.833   0.909 0.870    0.828\n"}
,{"stream_name":"stdout","time":1635.298150861,"data":"      700      S5_Empat_Fault EDM-Fuzzy            S2        80       0.325    0.887      0.743   1.000 0.852    0.963\n"}
,{"stream_name":"stdout","time":1635.298154022,"data":"      700      S5_Empat_Fault EDM-Fuzzy            S3        80       0.550    0.925      0.880   1.000 0.936    0.980\n"}
,{"stream_name":"stdout","time":1635.298157234,"data":"      700      S5_Empat_Fault EDM-Fuzzy            S4        80       0.750    0.900      0.882   1.000 0.938    0.893\n"}
,{"stream_name":"stdout","time":1635.298161537,"data":"      700      S5_Empat_Fault EDM-Fuzzy SEMUA-4-BENAR        80         NaN    0.738        NaN     NaN 0.899      NaN\n"}
,{"stream_name":"stdout","time":1635.298191181,"data":"      700      S5_Empat_Fault JSD-Fuzzy            S1        80       0.613    0.988      0.980   1.000 0.990    0.999\n"}
,{"stream_name":"stdout","time":1635.298196959,"data":"      700      S5_Empat_Fault JSD-Fuzzy            S2        80       0.375    1.000      1.000   1.000 1.000    1.000\n"}
,{"stream_name":"stdout","time":1635.298202431,"data":"      700      S5_Empat_Fault JSD-Fuzzy            S3        80       0.600    0.950      0.923   1.000 0.960    0.999\n"}
,{"stream_name":"stdout","time":1635.298207707,"data":"      700      S5_Empat_Fault JSD-Fuzzy            S4        80       0.800    0.950      0.941   1.000 0.970    0.955\n"}
,{"stream_name":"stdout","time":1635.298212859,"data":"      700      S5_Empat_Fault JSD-Fuzzy SEMUA-4-BENAR        80         NaN    0.925        NaN     NaN 0.980      NaN\n"}
,{"stream_name":"stdout","time":1635.298218456,"data":"     1000 S1_Normal_vs_Faulty EDM-Fuzzy            S1        48       0.417    0.562      0.484   0.750 0.588    0.645\n"}
,{"stream_name":"stdout","time":1635.298224608,"data":"     1000 S1_Normal_vs_Faulty EDM-Fuzzy            S2        48       0.354    0.583      0.452   0.824 0.583    0.662\n"}
,{"stream_name":"stdout","time":1635.298229178,"data":"     1000 S1_Normal_vs_Faulty EDM-Fuzzy            S3        48       0.354    0.438      0.375   0.882 0.526    0.600\n"}
,{"stream_name":"stdout","time":1635.298233985,"data":"     1000 S1_Normal_vs_Faulty EDM-Fuzzy            S4        48       0.375    0.417      0.361   0.722 0.481    0.557\n"}
,{"stream_name":"stdout","time":1635.298238714,"data":"     1000 S1_Normal_vs_Faulty EDM-Fuzzy SEMUA-4-BENAR        48         NaN    0.146        NaN     NaN 0.545      NaN\n"}
,{"stream_name":"stdout","time":1635.298243439,"data":"     1000 S1_Normal_vs_Faulty JSD-Fuzzy            S1        43       0.465    0.744      0.696   0.800 0.744    0.748\n"}
,{"stream_name":"stdout","time":1635.29824821,"data":"     1000 S1_Normal_vs_Faulty JSD-Fuzzy            S2        43       0.558    0.674      0.679   0.792 0.731    0.656\n"}
,{"stream_name":"stdout","time":1635.298252866,"data":"     1000 S1_Normal_vs_Faulty JSD-Fuzzy            S3        43       0.535    0.744      0.688   0.957 0.800    0.796\n"}
,{"stream_name":"stdout","time":1635.298262021,"data":"     1000 S1_Normal_vs_Faulty JSD-Fuzzy            S4        43       0.465    0.791      0.690   1.000 0.816    0.791\n"}
,{"stream_name":"stdout","time":1635.298276899,"data":"     1000 S1_Normal_vs_Faulty JSD-Fuzzy SEMUA-4-BENAR        43         NaN    0.488        NaN     NaN 0.773      NaN\n"}
,{"stream_name":"stdout","time":1635.298286992,"data":"     1000    S2_Fault_Tunggal EDM-Fuzzy            S1       218       0.463    0.569      0.530   0.614 0.569    0.590\n"}
,{"stream_name":"stdout","time":1635.298308595,"data":"     1000    S2_Fault_Tunggal EDM-Fuzzy            S2       218       0.541    0.541      0.570   0.619 0.593    0.556\n"}
,{"stream_name":"stdout","time":1635.29831481,"data":"     1000    S2_Fault_Tunggal EDM-Fuzzy            S3       218       0.495    0.509      0.504   0.657 0.570    0.510\n"}
,{"stream_name":"stdout","time":1635.29832015,"data":"     1000    S2_Fault_Tunggal EDM-Fuzzy            S4       218       0.486    0.514      0.500   0.717 0.589    0.515\n"}
,{"stream_name":"stdout","time":1635.298330888,"data":"     1000    S2_Fault_Tunggal EDM-Fuzzy SEMUA-4-BENAR       218         NaN    0.165        NaN     NaN 0.580      NaN\n"}
,{"stream_name":"stdout","time":1635.298335657,"data":"     1000    S2_Fault_Tunggal JSD-Fuzzy            S1       209       0.483    0.732      0.710   0.752 0.731    0.787\n"}
,{"stream_name":"stdout","time":1635.298340345,"data":"     1000    S2_Fault_Tunggal JSD-Fuzzy            S2       209       0.550    0.656      0.662   0.765 0.710    0.752\n"}
,{"stream_name":"stdout","time":1635.298345098,"data":"     1000    S2_Fault_Tunggal JSD-Fuzzy            S3       209       0.541    0.742      0.748   0.788 0.767    0.777\n"}
,{"stream_name":"stdout","time":1635.298350793,"data":"     1000    S2_Fault_Tunggal JSD-Fuzzy            S4       209       0.522    0.694      0.649   0.899 0.754    0.750\n"}
,{"stream_name":"stdout","time":1635.298355692,"data":"     1000    S2_Fault_Tunggal JSD-Fuzzy SEMUA-4-BENAR       209         NaN    0.388        NaN     NaN 0.740      NaN\n"}
,{"stream_name":"stdout","time":1635.298360403,"data":"     1000        S3_Dua_Fault EDM-Fuzzy            S1       336       0.628    0.699      0.759   0.763 0.761    0.724\n"}
,{"stream_name":"stdout","time":1635.298365453,"data":"     1000        S3_Dua_Fault EDM-Fuzzy            S2       336       0.580    0.631      0.655   0.769 0.708    0.661\n"}
,{"stream_name":"stdout","time":1635.298370146,"data":"     1000        S3_Dua_Fault EDM-Fuzzy            S3       336       0.568    0.646      0.644   0.843 0.730    0.657\n"}
,{"stream_name":"stdout","time":1635.298375089,"data":"     1000        S3_Dua_Fault EDM-Fuzzy            S4       336       0.545    0.604      0.604   0.792 0.686    0.607\n"}
,{"stream_name":"stdout","time":1635.298380021,"data":"     1000        S3_Dua_Fault EDM-Fuzzy SEMUA-4-BENAR       336         NaN    0.292        NaN     NaN 0.721      NaN\n"}
,{"stream_name":"stdout","time":1635.298384923,"data":"     1000        S3_Dua_Fault JSD-Fuzzy            S1       310       0.668    0.855      0.865   0.928 0.895    0.906\n"}
,{"stream_name":"stdout","time":1635.29839183,"data":"     1000        S3_Dua_Fault JSD-Fuzzy            S2       310       0.629    0.861      0.849   0.949 0.896    0.903\n"}
,{"stream_name":"stdout","time":1635.29841488,"data":"     1000        S3_Dua_Fault JSD-Fuzzy            S3       310       0.619    0.842      0.852   0.901 0.876    0.892\n"}
,{"stream_name":"stdout","time":1635.29842074,"data":"     1000        S3_Dua_Fault JSD-Fuzzy            S4       310       0.594    0.839      0.807   0.957 0.876    0.878\n"}
,{"stream_name":"stdout","time":1635.298426302,"data":"     1000        S3_Dua_Fault JSD-Fuzzy SEMUA-4-BENAR       310         NaN    0.671        NaN     NaN 0.886      NaN\n"}
,{"stream_name":"stdout","time":1635.298438199,"data":"     1000       S4_Tiga_Fault EDM-Fuzzy            S1       226       0.642    0.845      0.923   0.828 0.873    0.912\n"}
,{"stream_name":"stdout","time":1635.298443146,"data":"     1000       S4_Tiga_Fault EDM-Fuzzy            S2       226       0.491    0.743      0.688   0.874 0.770    0.805\n"}
,{"stream_name":"stdout","time":1635.298447858,"data":"     1000       S4_Tiga_Fault EDM-Fuzzy            S3       226       0.597    0.739      0.735   0.881 0.801    0.747\n"}
,{"stream_name":"stdout","time":1635.29845271,"data":"     1000       S4_Tiga_Fault EDM-Fuzzy            S4       226       0.588    0.752      0.752   0.865 0.804    0.720\n"}
,{"stream_name":"stdout","time":1635.298457338,"data":"     1000       S4_Tiga_Fault EDM-Fuzzy SEMUA-4-BENAR       226         NaN    0.447        NaN     NaN 0.812      NaN\n"}
,{"stream_name":"stdout","time":1635.298462266,"data":"     1000       S4_Tiga_Fault JSD-Fuzzy            S1       208       0.692    0.918      0.950   0.931 0.940    0.967\n"}
,{"stream_name":"stdout","time":1635.298467671,"data":"     1000       S4_Tiga_Fault JSD-Fuzzy            S2       208       0.562    0.947      0.927   0.983 0.954    0.985\n"}
,{"stream_name":"stdout","time":1635.298472464,"data":"     1000       S4_Tiga_Fault JSD-Fuzzy            S3       208       0.644    0.928      0.910   0.985 0.946    0.982\n"}
,{"stream_name":"stdout","time":1635.298477271,"data":"     1000       S4_Tiga_Fault JSD-Fuzzy            S4       208       0.625    0.904      0.887   0.969 0.926    0.967\n"}
,{"stream_name":"stdout","time":1635.298481938,"data":"     1000       S4_Tiga_Fault JSD-Fuzzy SEMUA-4-BENAR       208         NaN    0.827        NaN     NaN 0.942      NaN\n"}
,{"stream_name":"stdout","time":1635.298486634,"data":"     1000      S5_Empat_Fault EDM-Fuzzy            S1        54       0.704    0.870      0.878   0.947 0.911    0.885\n"}
,{"stream_name":"stdout","time":1635.298498255,"data":"     1000      S5_Empat_Fault EDM-Fuzzy            S2        54       0.204    0.778      0.478   1.000 0.647    0.939\n"}
,{"stream_name":"stdout","time":1635.298518713,"data":"     1000      S5_Empat_Fault EDM-Fuzzy            S3        54       0.574    0.852      0.848   0.903 0.875    0.889\n"}
,{"stream_name":"stdout","time":1635.298524813,"data":"     1000      S5_Empat_Fault EDM-Fuzzy            S4        54       0.796    0.889      0.878   1.000 0.935    0.926\n"}
,{"stream_name":"stdout","time":1635.298530365,"data":"     1000      S5_Empat_Fault EDM-Fuzzy SEMUA-4-BENAR        54         NaN    0.667        NaN     NaN 0.842      NaN\n"}
,{"stream_name":"stdout","time":1635.298535335,"data":"     1000      S5_Empat_Fault JSD-Fuzzy            S1        53       0.717    0.943      0.927   1.000 0.962    0.958\n"}
,{"stream_name":"stdout","time":1635.298541165,"data":"     1000      S5_Empat_Fault JSD-Fuzzy            S2        53       0.170    0.943      0.750   1.000 0.857    1.000\n"}
,{"stream_name":"stdout","time":1635.298546168,"data":"     1000      S5_Empat_Fault JSD-Fuzzy            S3        53       0.585    0.925      0.886   1.000 0.939    0.971\n"}
,{"stream_name":"stdout","time":1635.298550939,"data":"     1000      S5_Empat_Fault JSD-Fuzzy            S4        53       0.887    0.925      0.922   1.000 0.959    0.936\n"}
,{"stream_name":"stdout","time":1635.298556043,"data":"     1000      S5_Empat_Fault JSD-Fuzzy SEMUA-4-BENAR        53         NaN    0.906        NaN     NaN 0.929      NaN\n"}
,{"stream_name":"stdout","time":1635.31137091,"data":"\n"}
,{"stream_name":"stdout","time":1635.311417233,"data":"=== Ringkas: F1 rata-rata 4 sensor ===\n"}
,{"stream_name":"stdout","time":1635.311448214,"data":"                                           F1  ROC_AUC  Prevalensi\n"}
,{"stream_name":"stdout","time":1635.311453148,"data":"N_window Skenario            Metode                               \n"}
,{"stream_name":"stdout","time":1635.311457394,"data":"200      S1_Normal_vs_Faulty EDM-Fuzzy  0.568    0.542       0.401\n"}
,{"stream_name":"stdout","time":1635.311461478,"data":"                             JSD-Fuzzy  0.772    0.836       0.517\n"}
,{"stream_name":"stdout","time":1635.311465409,"data":"         S2_Fault_Tunggal    EDM-Fuzzy  0.628    0.536       0.512\n"}
,{"stream_name":"stdout","time":1635.311470049,"data":"                             JSD-Fuzzy  0.726    0.710       0.545\n"}
,{"stream_name":"stdout","time":1635.311573097,"data":"         S3_Dua_Fault        EDM-Fuzzy  0.712    0.699       0.558\n"}
,{"stream_name":"stdout","time":1635.311602221,"data":"                             JSD-Fuzzy  0.887    0.919       0.599\n"}
,{"stream_name":"stdout","time":1635.311608228,"data":"         S4_Tiga_Fault       EDM-Fuzzy  0.762    0.768       0.568\n"}
,{"stream_name":"stdout","time":1635.311613049,"data":"                             JSD-Fuzzy  0.955    0.974       0.616\n"}
,{"stream_name":"stdout","time":1635.311617631,"data":"         S5_Empat_Fault      EDM-Fuzzy  0.832    0.890       0.550\n"}
,{"stream_name":"stdout","time":1635.31162182,"data":"                             JSD-Fuzzy  0.970    0.996       0.625\n"}
,{"stream_name":"stdout","time":1635.311626328,"data":"700      S1_Normal_vs_Faulty EDM-Fuzzy  0.613    0.663       0.412\n"}
,{"stream_name":"stdout","time":1635.311631026,"data":"                             JSD-Fuzzy  0.795    0.782       0.554\n"}
,{"stream_name":"stdout","time":1635.311635996,"data":"         S2_Fault_Tunggal    EDM-Fuzzy  0.600    0.549       0.491\n"}
,{"stream_name":"stdout","time":1635.311641051,"data":"                             JSD-Fuzzy  0.748    0.784       0.532\n"}
,{"stream_name":"stdout","time":1635.311645569,"data":"         S3_Dua_Fault        EDM-Fuzzy  0.717    0.706       0.560\n"}
,{"stream_name":"stdout","time":1635.31164982,"data":"                             JSD-Fuzzy  0.898    0.925       0.592\n"}
,{"stream_name":"stdout","time":1635.3116545,"data":"         S4_Tiga_Fault       EDM-Fuzzy  0.804    0.813       0.574\n"}
,{"stream_name":"stdout","time":1635.311659009,"data":"                             JSD-Fuzzy  0.961    0.985       0.620\n"}
,{"stream_name":"stdout","time":1635.311663326,"data":"         S5_Empat_Fault      EDM-Fuzzy  0.899    0.916       0.544\n"}
,{"stream_name":"stdout","time":1635.311667435,"data":"                             JSD-Fuzzy  0.980    0.988       0.597\n"}
,{"stream_name":"stdout","time":1635.31167215,"data":"1000     S1_Normal_vs_Faulty EDM-Fuzzy  0.544    0.616       0.375\n"}
,{"stream_name":"stdout","time":1635.311676574,"data":"                             JSD-Fuzzy  0.773    0.748       0.506\n"}
,{"stream_name":"stdout","time":1635.311680737,"data":"         S2_Fault_Tunggal    EDM-Fuzzy  0.580    0.543       0.496\n"}
,{"stream_name":"stdout","time":1635.311685815,"data":"                             JSD-Fuzzy  0.740    0.766       0.524\n"}
,{"stream_name":"stdout","time":1635.311690492,"data":"         S3_Dua_Fault        EDM-Fuzzy  0.721    0.662       0.580\n"}
,{"stream_name":"stdout","time":1635.311695391,"data":"                             JSD-Fuzzy  0.886    0.895       0.628\n"}
,{"stream_name":"stdout","time":1635.31169984,"data":"         S4_Tiga_Fault       EDM-Fuzzy  0.812    0.796       0.580\n"}
,{"stream_name":"stdout","time":1635.311708191,"data":"                             JSD-Fuzzy  0.942    0.975       0.631\n"}
,{"stream_name":"stdout","time":1635.311728292,"data":"         S5_Empat_Fault      EDM-Fuzzy  0.842    0.910       0.570\n"}
,{"stream_name":"stdout","time":1635.311733671,"data":"                             JSD-Fuzzy  0.929    0.966       0.590\n"}
,{"stream_name":"stdout","time":1635.32403932,"data":"\n"}
,{"stream_name":"stdout","time":1635.324114987,"data":"=== Biaya komputasi tahap identifikasi sensor ===\n"}
,{"stream_name":"stdout","time":1635.324124267,"data":" N_window            Skenario    Metode  cpu_s  wall_s  peak_mem_mb  ambang_rata2\n"}
,{"stream_name":"stdout","time":1635.324128996,"data":"      200 S1_Normal_vs_Faulty EDM-Fuzzy    6.0     6.0          2.0          0.62\n"}
,{"stream_name":"stdout","time":1635.324133254,"data":"      200 S1_Normal_vs_Faulty JSD-Fuzzy   14.7     4.2          8.8          0.53\n"}
,{"stream_name":"stdout","time":1635.324138049,"data":"      200    S2_Fault_Tunggal EDM-Fuzzy   14.1    13.4          7.6          0.61\n"}
,{"stream_name":"stdout","time":1635.324142673,"data":"      200    S2_Fault_Tunggal JSD-Fuzzy  130.9    33.6         19.3          0.58\n"}
,{"stream_name":"stdout","time":1635.324146925,"data":"      200        S3_Dua_Fault EDM-Fuzzy   32.6    16.4         11.3          0.59\n"}
,{"stream_name":"stdout","time":1635.324151289,"data":"      200        S3_Dua_Fault JSD-Fuzzy   36.4     9.7         32.6          0.45\n"}
,{"stream_name":"stdout","time":1635.324155532,"data":"      200       S4_Tiga_Fault EDM-Fuzzy   14.0    13.3          7.6          0.58\n"}
,{"stream_name":"stdout","time":1635.324159483,"data":"      200       S4_Tiga_Fault JSD-Fuzzy   17.2     4.8         27.2          0.40\n"}
,{"stream_name":"stdout","time":1635.324163858,"data":"      200      S5_Empat_Fault EDM-Fuzzy    2.9     2.8          2.1          0.51\n"}
,{"stream_name":"stdout","time":1635.32416825,"data":"      200      S5_Empat_Fault JSD-Fuzzy    9.6     2.9         10.2          0.38\n"}
,{"stream_name":"stdout","time":1635.324173009,"data":"      700 S1_Normal_vs_Faulty EDM-Fuzzy    5.3     5.2          1.4          0.63\n"}
,{"stream_name":"stdout","time":1635.324177432,"data":"      700 S1_Normal_vs_Faulty JSD-Fuzzy   11.1     3.3          8.9          0.55\n"}
,{"stream_name":"stdout","time":1635.324181549,"data":"      700    S2_Fault_Tunggal EDM-Fuzzy   11.8    11.8          3.7          0.60\n"}
,{"stream_name":"stdout","time":1635.324185811,"data":"      700    S2_Fault_Tunggal JSD-Fuzzy   36.5     9.6         25.0          0.54\n"}
,{"stream_name":"stdout","time":1635.324190321,"data":"      700        S3_Dua_Fault EDM-Fuzzy   13.9    13.2          6.4          0.60\n"}
,{"stream_name":"stdout","time":1635.324194392,"data":"      700        S3_Dua_Fault JSD-Fuzzy   23.1     6.2         35.4          0.45\n"}
,{"stream_name":"stdout","time":1635.324198035,"data":"      700       S4_Tiga_Fault EDM-Fuzzy    7.1     7.0          5.4          0.51\n"}
,{"stream_name":"stdout","time":1635.324202035,"data":"      700       S4_Tiga_Fault JSD-Fuzzy   13.1     3.6         23.4          0.40\n"}
,{"stream_name":"stdout","time":1635.324206005,"data":"      700      S5_Empat_Fault EDM-Fuzzy    3.4     3.3          1.8          0.41\n"}
,{"stream_name":"stdout","time":1635.324210213,"data":"      700      S5_Empat_Fault JSD-Fuzzy    9.1     2.7          7.1          0.35\n"}
,{"stream_name":"stdout","time":1635.324220038,"data":"     1000 S1_Normal_vs_Faulty EDM-Fuzzy    4.7     4.6          1.4          0.55\n"}
,{"stream_name":"stdout","time":1635.324224535,"data":"     1000 S1_Normal_vs_Faulty JSD-Fuzzy    6.3     2.4          5.1          0.54\n"}
,{"stream_name":"stdout","time":1635.32422901,"data":"     1000    S2_Fault_Tunggal EDM-Fuzzy   11.7    11.7          4.4          0.59\n"}
,{"stream_name":"stdout","time":1635.324256006,"data":"     1000    S2_Fault_Tunggal JSD-Fuzzy   45.6    11.9         13.8          0.55\n"}
,{"stream_name":"stdout","time":1635.324260913,"data":"     1000        S3_Dua_Fault EDM-Fuzzy   13.4    13.2          6.3          0.60\n"}
,{"stream_name":"stdout","time":1635.324264859,"data":"     1000        S3_Dua_Fault JSD-Fuzzy   19.8     5.5         22.9          0.47\n"}
,{"stream_name":"stdout","time":1635.324269613,"data":"     1000       S4_Tiga_Fault EDM-Fuzzy    4.3     4.2          4.1          0.53\n"}
,{"stream_name":"stdout","time":1635.324273931,"data":"     1000       S4_Tiga_Fault JSD-Fuzzy   11.8     3.4         18.3          0.40\n"}
,{"stream_name":"stdout","time":1635.32427808,"data":"     1000      S5_Empat_Fault EDM-Fuzzy    2.7     2.7          1.1          0.46\n"}
,{"stream_name":"stdout","time":1635.32428259,"data":"     1000      S5_Empat_Fault JSD-Fuzzy    7.1     2.7          7.1          0.36\n"}
,{"stream_name":"stdout","time":1637.708456692,"data":"=== Probabilitas sensor rusak — mutu angkanya (end-to-end) ===\n"}
,{"stream_name":"stdout","time":1637.708539482,"data":" N_window            Skenario    Metode Sensor  n_window  Prevalensi  P_rusak_rata2  P_rusak_p10  P_rusak_p90  Brier  Brier_skill   ECE  ROC_AUC\n"}
,{"stream_name":"stdout","time":1637.708548255,"data":"      200 S1_Normal_vs_Faulty EDM-Fuzzy     S1        88       0.398          0.640        0.563        0.732 0.3007       -0.255 0.242    0.516\n"}
,{"stream_name":"stdout","time":1637.708554284,"data":"      200 S1_Normal_vs_Faulty EDM-Fuzzy     S2        88       0.375          0.636        0.561        0.725 0.3021       -0.289 0.261    0.545\n"}
,{"stream_name":"stdout","time":1637.708559322,"data":"      200 S1_Normal_vs_Faulty EDM-Fuzzy     S3        88       0.398          0.655        0.587        0.731 0.3073       -0.283 0.257    0.494\n"}
,{"stream_name":"stdout","time":1637.708564406,"data":"      200 S1_Normal_vs_Faulty EDM-Fuzzy     S4        88       0.432          0.645        0.567        0.731 0.2830       -0.153 0.213    0.614\n"}
,{"stream_name":"stdout","time":1637.708569464,"data":"      200 S1_Normal_vs_Faulty JSD-Fuzzy     S1        90       0.533          0.659        0.294        0.831 0.1774        0.287 0.170    0.875\n"}
,{"stream_name":"stdout","time":1637.708573777,"data":"      200 S1_Normal_vs_Faulty JSD-Fuzzy     S2        90       0.489          0.632        0.295        0.829 0.1961        0.215 0.174    0.827\n"}
,{"stream_name":"stdout","time":1637.708578229,"data":"      200 S1_Normal_vs_Faulty JSD-Fuzzy     S3        90       0.489          0.647        0.320        0.829 0.1962        0.215 0.166    0.861\n"}
,{"stream_name":"stdout","time":1637.708583075,"data":"      200 S1_Normal_vs_Faulty JSD-Fuzzy     S4        90       0.556          0.697        0.335        0.829 0.2099        0.150 0.156    0.781\n"}
,{"stream_name":"stdout","time":1637.708587781,"data":"      200    S2_Fault_Tunggal EDM-Fuzzy     S1       396       0.477          0.635        0.583        0.686 0.2704       -0.084 0.158    0.585\n"}
,{"stream_name":"stdout","time":1637.70859414,"data":"      200    S2_Fault_Tunggal EDM-Fuzzy     S2       396       0.530          0.639        0.586        0.686 0.2612       -0.049 0.108    0.520\n"}
,{"stream_name":"stdout","time":1637.708603681,"data":"      200    S2_Fault_Tunggal EDM-Fuzzy     S3       396       0.520          0.639        0.584        0.687 0.2600       -0.042 0.118    0.564\n"}
,{"stream_name":"stdout","time":1637.708607198,"data":"      200    S2_Fault_Tunggal EDM-Fuzzy     S4       396       0.520          0.635        0.583        0.686 0.2651       -0.062 0.115    0.477\n"}
,{"stream_name":"stdout","time":1637.708612872,"data":"      200    S2_Fault_Tunggal JSD-Fuzzy     S1       398       0.503          0.621        0.392        0.771 0.2391        0.043 0.118    0.682\n"}
,{"stream_name":"stdout","time":1637.708630892,"data":"      200    S2_Fault_Tunggal JSD-Fuzzy     S2       398       0.575          0.645        0.410        0.771 0.2166        0.113 0.070    0.697\n"}
,{"stream_name":"stdout","time":1637.708634121,"data":"      200    S2_Fault_Tunggal JSD-Fuzzy     S3       398       0.560          0.651        0.420        0.771 0.2141        0.131 0.100    0.754\n"}
,{"stream_name":"stdout","time":1637.708636996,"data":"      200    S2_Fault_Tunggal JSD-Fuzzy     S4       398       0.543          0.643        0.420        0.771 0.2258        0.090 0.100    0.706\n"}
,{"stream_name":"stdout","time":1637.708640475,"data":"      200        S3_Dua_Fault EDM-Fuzzy     S1       593       0.585          0.612        0.421        0.754 0.2071        0.147 0.068    0.750\n"}
,{"stream_name":"stdout","time":1637.708643451,"data":"      200        S3_Dua_Fault EDM-Fuzzy     S2       593       0.535          0.623        0.448        0.753 0.2309        0.072 0.089    0.695\n"}
,{"stream_name":"stdout","time":1637.70864631,"data":"      200        S3_Dua_Fault EDM-Fuzzy     S3       593       0.568          0.632        0.461        0.758 0.2283        0.069 0.064    0.667\n"}
,{"stream_name":"stdout","time":1637.708649241,"data":"      200        S3_Dua_Fault EDM-Fuzzy     S4       593       0.546          0.635        0.463        0.760 0.2334        0.058 0.089    0.684\n"}
,{"stream_name":"stdout","time":1637.708652092,"data":"      200        S3_Dua_Fault JSD-Fuzzy     S1       583       0.633          0.631        0.157        0.909 0.0865        0.628 0.064    0.936\n"}
,{"stream_name":"stdout","time":1637.708654944,"data":"      200        S3_Dua_Fault JSD-Fuzzy     S2       583       0.580          0.610        0.157        0.908 0.0952        0.609 0.074    0.935\n"}
,{"stream_name":"stdout","time":1637.708657875,"data":"      200        S3_Dua_Fault JSD-Fuzzy     S3       583       0.604          0.637        0.163        0.909 0.1087        0.546 0.055    0.910\n"}
,{"stream_name":"stdout","time":1637.708660723,"data":"      200        S3_Dua_Fault JSD-Fuzzy     S4       583       0.578          0.623        0.157        0.909 0.1259        0.484 0.046    0.895\n"}
,{"stream_name":"stdout","time":1637.708663722,"data":"      200       S4_Tiga_Fault EDM-Fuzzy     S1       395       0.641          0.635        0.384        0.789 0.1899        0.175 0.058    0.759\n"}
,{"stream_name":"stdout","time":1637.708666666,"data":"      200       S4_Tiga_Fault EDM-Fuzzy     S2       395       0.501          0.629        0.381        0.789 0.2195        0.122 0.128    0.763\n"}
,{"stream_name":"stdout","time":1637.70866991,"data":"      200       S4_Tiga_Fault EDM-Fuzzy     S3       395       0.587          0.637        0.381        0.789 0.2037        0.160 0.064    0.755\n"}
,{"stream_name":"stdout","time":1637.708672983,"data":"      200       S4_Tiga_Fault EDM-Fuzzy     S4       395       0.544          0.628        0.376        0.789 0.1986        0.199 0.111    0.797\n"}
,{"stream_name":"stdout","time":1637.708675835,"data":"      200       S4_Tiga_Fault JSD-Fuzzy     S1       393       0.692          0.692        0.069        0.959 0.0394        0.815 0.041    0.977\n"}
,{"stream_name":"stdout","time":1637.708678763,"data":"      200       S4_Tiga_Fault JSD-Fuzzy     S2       393       0.555          0.578        0.065        0.955 0.0498        0.798 0.056    0.975\n"}
,{"stream_name":"stdout","time":1637.708681682,"data":"      200       S4_Tiga_Fault JSD-Fuzzy     S3       393       0.631          0.636        0.065        0.959 0.0400        0.828 0.046    0.978\n"}
,{"stream_name":"stdout","time":1637.708684532,"data":"      200       S4_Tiga_Fault JSD-Fuzzy     S4       393       0.588          0.619        0.068        0.959 0.0564        0.767 0.038    0.966\n"}
,{"stream_name":"stdout","time":1637.708690866,"data":"      200      S5_Empat_Fault EDM-Fuzzy     S1        99       0.606          0.640        0.281        0.847 0.1311        0.451 0.136    0.921\n"}
,{"stream_name":"stdout","time":1637.708693971,"data":"      200      S5_Empat_Fault EDM-Fuzzy     S2        99       0.343          0.550        0.248        0.847 0.1631        0.277 0.206    0.920\n"}
,{"stream_name":"stdout","time":1637.70869683,"data":"      200      S5_Empat_Fault EDM-Fuzzy     S3        99       0.545          0.625        0.276        0.850 0.1446        0.417 0.110    0.875\n"}
,{"stream_name":"stdout","time":1637.708699727,"data":"      200      S5_Empat_Fault EDM-Fuzzy     S4        99       0.707          0.687        0.292        0.882 0.1495        0.278 0.087    0.842\n"}
,{"stream_name":"stdout","time":1637.708702707,"data":"      200      S5_Empat_Fault JSD-Fuzzy     S1        98       0.663          0.646        0.038        0.970 0.0169        0.924 0.046    0.998\n"}
,{"stream_name":"stdout","time":1637.708705692,"data":"      200      S5_Empat_Fault JSD-Fuzzy     S2        98       0.398          0.444        0.038        0.961 0.0240        0.900 0.079    1.000\n"}
,{"stream_name":"stdout","time":1637.708708535,"data":"      200      S5_Empat_Fault JSD-Fuzzy     S3        98       0.612          0.626        0.038        0.961 0.0378        0.841 0.054    0.985\n"}
,{"stream_name":"stdout","time":1637.70871807,"data":"      200      S5_Empat_Fault JSD-Fuzzy     S4        98       0.827          0.788        0.052        0.970 0.0144        0.900 0.062    0.999\n"}
,{"stream_name":"stdout","time":1637.708721771,"data":"      700 S1_Normal_vs_Faulty EDM-Fuzzy     S1        74       0.419          0.646        0.501        0.736 0.2711       -0.114 0.237    0.746\n"}
,{"stream_name":"stdout","time":1637.708724785,"data":"      700 S1_Normal_vs_Faulty EDM-Fuzzy     S2        74       0.446          0.657        0.516        0.737 0.2843       -0.151 0.212    0.605\n"}
,{"stream_name":"stdout","time":1637.708727657,"data":"      700 S1_Normal_vs_Faulty EDM-Fuzzy     S3        74       0.392          0.675        0.564        0.737 0.3073       -0.290 0.283    0.641\n"}
,{"stream_name":"stdout","time":1637.708730657,"data":"      700 S1_Normal_vs_Faulty EDM-Fuzzy     S4        74       0.392          0.663        0.558        0.737 0.2982       -0.251 0.271    0.659\n"}
,{"stream_name":"stdout","time":1637.708733587,"data":"      700 S1_Normal_vs_Faulty JSD-Fuzzy     S1        65       0.492          0.638        0.301        0.839 0.2171        0.131 0.163    0.767\n"}
,{"stream_name":"stdout","time":1637.708736451,"data":"      700 S1_Normal_vs_Faulty JSD-Fuzzy     S2        65       0.615          0.679        0.375        0.839 0.1581        0.332 0.118    0.840\n"}
,{"stream_name":"stdout","time":1637.708739308,"data":"      700 S1_Normal_vs_Faulty JSD-Fuzzy     S3        65       0.569          0.714        0.423        0.839 0.1954        0.203 0.145    0.823\n"}
,{"stream_name":"stdout","time":1637.70874231,"data":"      700 S1_Normal_vs_Faulty JSD-Fuzzy     S4        65       0.538          0.689        0.386        0.839 0.2333        0.061 0.157    0.700\n"}
,{"stream_name":"stdout","time":1637.708745336,"data":"      700    S2_Fault_Tunggal EDM-Fuzzy     S1       334       0.455          0.611        0.549        0.670 0.2672       -0.077 0.156    0.584\n"}
,{"stream_name":"stdout","time":1637.708748258,"data":"      700    S2_Fault_Tunggal EDM-Fuzzy     S2       334       0.509          0.618        0.549        0.669 0.2621       -0.049 0.109    0.529\n"}
,{"stream_name":"stdout","time":1637.708751295,"data":"      700    S2_Fault_Tunggal EDM-Fuzzy     S3       334       0.497          0.621        0.557        0.678 0.2650       -0.060 0.124    0.523\n"}
,{"stream_name":"stdout","time":1637.708756778,"data":"      700    S2_Fault_Tunggal EDM-Fuzzy     S4       334       0.503          0.620        0.553        0.678 0.2600       -0.040 0.117    0.560\n"}
,{"stream_name":"stdout","time":1637.70875978,"data":"      700    S2_Fault_Tunggal JSD-Fuzzy     S1       304       0.484          0.587        0.336        0.800 0.2079        0.167 0.106    0.771\n"}
,{"stream_name":"stdout","time":1637.708762844,"data":"      700    S2_Fault_Tunggal JSD-Fuzzy     S2       304       0.556          0.609        0.338        0.800 0.1899        0.231 0.091    0.807\n"}
,{"stream_name":"stdout","time":1637.708765954,"data":"      700    S2_Fault_Tunggal JSD-Fuzzy     S3       304       0.556          0.636        0.355        0.800 0.2021        0.181 0.101    0.796\n"}
,{"stream_name":"stdout","time":1637.708769361,"data":"      700    S2_Fault_Tunggal JSD-Fuzzy     S4       304       0.533          0.647        0.378        0.800 0.2199        0.117 0.134    0.764\n"}
,{"stream_name":"stdout","time":1637.70877241,"data":"      700        S3_Dua_Fault EDM-Fuzzy     S1       479       0.618          0.608        0.395        0.766 0.1985        0.159 0.079    0.734\n"}
,{"stream_name":"stdout","time":1637.708775384,"data":"      700        S3_Dua_Fault EDM-Fuzzy     S2       479       0.551          0.630        0.401        0.767 0.2172        0.122 0.078    0.722\n"}
,{"stream_name":"stdout","time":1637.708778519,"data":"      700        S3_Dua_Fault EDM-Fuzzy     S3       479       0.534          0.639        0.424        0.767 0.2346        0.057 0.104    0.688\n"}
,{"stream_name":"stdout","time":1637.708781378,"data":"      700        S3_Dua_Fault EDM-Fuzzy     S4       479       0.539          0.625        0.414        0.769 0.2323        0.065 0.087    0.680\n"}
,{"stream_name":"stdout","time":1637.708784243,"data":"      700        S3_Dua_Fault JSD-Fuzzy     S1       463       0.659          0.666        0.154        0.928 0.0888        0.605 0.056    0.926\n"}
,{"stream_name":"stdout","time":1637.708787163,"data":"      700        S3_Dua_Fault JSD-Fuzzy     S2       463       0.596          0.663        0.149        0.928 0.0939        0.610 0.071    0.930\n"}
,{"stream_name":"stdout","time":1637.708790008,"data":"      700        S3_Dua_Fault JSD-Fuzzy     S3       463       0.559          0.610        0.149        0.928 0.0927        0.624 0.090    0.944\n"}
,{"stream_name":"stdout","time":1637.708792874,"data":"      700        S3_Dua_Fault JSD-Fuzzy     S4       463       0.553          0.648        0.155        0.928 0.1207        0.512 0.095    0.899\n"}
,{"stream_name":"stdout","time":1637.708795837,"data":"      700       S4_Tiga_Fault EDM-Fuzzy     S1       315       0.663          0.633        0.266        0.852 0.1340        0.400 0.126    0.845\n"}
,{"stream_name":"stdout","time":1637.708798937,"data":"      700       S4_Tiga_Fault EDM-Fuzzy     S2       315       0.511          0.610        0.267        0.852 0.1979        0.208 0.124    0.774\n"}
,{"stream_name":"stdout","time":1637.708801788,"data":"      700       S4_Tiga_Fault EDM-Fuzzy     S3       315       0.597          0.640        0.306        0.852 0.1732        0.280 0.081    0.797\n"}
,{"stream_name":"stdout","time":1637.708804824,"data":"      700       S4_Tiga_Fault EDM-Fuzzy     S4       315       0.527          0.622        0.306        0.852 0.1706        0.316 0.098    0.835\n"}
,{"stream_name":"stdout","time":1637.70880779,"data":"      700       S4_Tiga_Fault JSD-Fuzzy     S1       301       0.711          0.701        0.056        0.968 0.0321        0.844 0.040    0.991\n"}
,{"stream_name":"stdout","time":1637.708811127,"data":"      700       S4_Tiga_Fault JSD-Fuzzy     S2       301       0.558          0.598        0.054        0.968 0.0278        0.887 0.051    0.995\n"}
,{"stream_name":"stdout","time":1637.708816425,"data":"      700       S4_Tiga_Fault JSD-Fuzzy     S3       301       0.645          0.661        0.054        0.968 0.0382        0.833 0.040    0.981\n"}
,{"stream_name":"stdout","time":1637.708819492,"data":"      700       S4_Tiga_Fault JSD-Fuzzy     S4       301       0.565          0.613        0.054        0.968 0.0535        0.783 0.048    0.974\n"}
,{"stream_name":"stdout","time":1637.70882236,"data":"      700      S5_Empat_Fault EDM-Fuzzy     S1        80       0.550          0.567        0.104        0.886 0.1263        0.490 0.066    0.828\n"}
,{"stream_name":"stdout","time":1637.708825213,"data":"      700      S5_Empat_Fault EDM-Fuzzy     S2        80       0.325          0.447        0.082        0.886 0.0862        0.607 0.122    0.963\n"}
,{"stream_name":"stdout","time":1637.708828142,"data":"      700      S5_Empat_Fault EDM-Fuzzy     S3        80       0.550          0.586        0.105        0.895 0.0659        0.734 0.128    0.980\n"}
,{"stream_name":"stdout","time":1637.708830964,"data":"      700      S5_Empat_Fault EDM-Fuzzy     S4        80       0.750          0.751        0.325        0.895 0.0885        0.528 0.084    0.893\n"}
,{"stream_name":"stdout","time":1637.708833847,"data":"      700      S5_Empat_Fault JSD-Fuzzy     S1        80       0.613          0.617        0.030        0.973 0.0134        0.944 0.048    0.999\n"}
,{"stream_name":"stdout","time":1637.708836689,"data":"      700      S5_Empat_Fault JSD-Fuzzy     S2        80       0.375          0.380        0.025        0.972 0.0012        0.995 0.033    1.000\n"}
,{"stream_name":"stdout","time":1637.708839524,"data":"      700      S5_Empat_Fault JSD-Fuzzy     S3        80       0.600          0.633        0.030        0.973 0.0315        0.869 0.052    0.999\n"}
,{"stream_name":"stdout","time":1637.708843029,"data":"      700      S5_Empat_Fault JSD-Fuzzy     S4        80       0.800          0.821        0.031        0.973 0.0478        0.701 0.030    0.955\n"}
,{"stream_name":"stdout","time":1637.708845892,"data":"     1000 S1_Normal_vs_Faulty EDM-Fuzzy     S1        48       0.417          0.576        0.469        0.652 0.2558       -0.053 0.159    0.645\n"}
,{"stream_name":"stdout","time":1637.70884893,"data":"     1000 S1_Normal_vs_Faulty EDM-Fuzzy     S2        48       0.354          0.596        0.478        0.679 0.2741       -0.199 0.242    0.662\n"}
,{"stream_name":"stdout","time":1637.708851814,"data":"     1000 S1_Normal_vs_Faulty EDM-Fuzzy     S3        48       0.354          0.614        0.489        0.701 0.2936       -0.283 0.259    0.600\n"}
,{"stream_name":"stdout","time":1637.708854932,"data":"     1000 S1_Normal_vs_Faulty EDM-Fuzzy     S4        48       0.375          0.609        0.489        0.701 0.2923       -0.247 0.234    0.557\n"}
,{"stream_name":"stdout","time":1637.70885789,"data":"     1000 S1_Normal_vs_Faulty JSD-Fuzzy     S1        43       0.465          0.593        0.298        0.808 0.2161        0.131 0.155    0.748\n"}
,{"stream_name":"stdout","time":1637.708860915,"data":"     1000 S1_Normal_vs_Faulty JSD-Fuzzy     S2        43       0.558          0.621        0.304        0.808 0.2313        0.062 0.200    0.656\n"}
,{"stream_name":"stdout","time":1637.708863819,"data":"     1000 S1_Normal_vs_Faulty JSD-Fuzzy     S3        43       0.535          0.666        0.395        0.808 0.1987        0.201 0.201    0.796\n"}
,{"stream_name":"stdout","time":1637.708866652,"data":"     1000 S1_Normal_vs_Faulty JSD-Fuzzy     S4        43       0.465          0.641        0.311        0.808 0.1963        0.211 0.247    0.791\n"}
,{"stream_name":"stdout","time":1637.708869788,"data":"     1000    S2_Fault_Tunggal EDM-Fuzzy     S1       218       0.463          0.591        0.520        0.644 0.2618       -0.053 0.128    0.590\n"}
,{"stream_name":"stdout","time":1637.708875127,"data":"     1000    S2_Fault_Tunggal EDM-Fuzzy     S2       218       0.541          0.598        0.538        0.660 0.2510       -0.011 0.068    0.556\n"}
,{"stream_name":"stdout","time":1637.708878178,"data":"     1000    S2_Fault_Tunggal EDM-Fuzzy     S3       218       0.495          0.606        0.561        0.660 0.2651       -0.060 0.125    0.510\n"}
,{"stream_name":"stdout","time":1637.708881144,"data":"     1000    S2_Fault_Tunggal EDM-Fuzzy     S4       218       0.486          0.605        0.551        0.660 0.2642       -0.058 0.118    0.515\n"}
,{"stream_name":"stdout","time":1637.708884172,"data":"     1000    S2_Fault_Tunggal JSD-Fuzzy     S1       209       0.483          0.569        0.356        0.764 0.2019        0.191 0.127    0.787\n"}
,{"stream_name":"stdout","time":1637.708887245,"data":"     1000    S2_Fault_Tunggal JSD-Fuzzy     S2       209       0.550          0.610        0.356        0.764 0.2135        0.137 0.093    0.752\n"}
,{"stream_name":"stdout","time":1637.708890312,"data":"     1000    S2_Fault_Tunggal JSD-Fuzzy     S3       209       0.541          0.601        0.369        0.764 0.1966        0.209 0.117    0.777\n"}
,{"stream_name":"stdout","time":1637.708893167,"data":"     1000    S2_Fault_Tunggal JSD-Fuzzy     S4       209       0.522          0.629        0.368        0.765 0.2158        0.135 0.107    0.750\n"}
,{"stream_name":"stdout","time":1637.708896012,"data":"     1000        S3_Dua_Fault EDM-Fuzzy     S1       336       0.628          0.635        0.437        0.777 0.2031        0.130 0.060    0.724\n"}
,{"stream_name":"stdout","time":1637.708899942,"data":"     1000        S3_Dua_Fault EDM-Fuzzy     S2       336       0.580          0.653        0.470        0.777 0.2312        0.051 0.072    0.661\n"}
,{"stream_name":"stdout","time":1637.708902876,"data":"     1000        S3_Dua_Fault EDM-Fuzzy     S3       336       0.568          0.670        0.449        0.777 0.2382        0.029 0.101    0.657\n"}
,{"stream_name":"stdout","time":1637.708905732,"data":"     1000        S3_Dua_Fault EDM-Fuzzy     S4       336       0.545          0.658        0.451        0.777 0.2508       -0.011 0.114    0.607\n"}
,{"stream_name":"stdout","time":1637.708908587,"data":"     1000        S3_Dua_Fault JSD-Fuzzy     S1       310       0.668          0.695        0.187        0.907 0.1108        0.500 0.075    0.906\n"}
,{"stream_name":"stdout","time":1637.708911482,"data":"     1000        S3_Dua_Fault JSD-Fuzzy     S2       310       0.629          0.682        0.181        0.907 0.1096        0.530 0.079    0.903\n"}
,{"stream_name":"stdout","time":1637.70891435,"data":"     1000        S3_Dua_Fault JSD-Fuzzy     S3       310       0.619          0.656        0.181        0.907 0.1215        0.485 0.087    0.892\n"}
,{"stream_name":"stdout","time":1637.708917201,"data":"     1000        S3_Dua_Fault JSD-Fuzzy     S4       310       0.594          0.687        0.181        0.907 0.1413        0.414 0.094    0.878\n"}
,{"stream_name":"stdout","time":1637.708920035,"data":"     1000       S4_Tiga_Fault EDM-Fuzzy     S1       226       0.642          0.602        0.269        0.872 0.1218        0.470 0.164    0.912\n"}
,{"stream_name":"stdout","time":1637.708922915,"data":"     1000       S4_Tiga_Fault EDM-Fuzzy     S2       226       0.491          0.609        0.304        0.872 0.1915        0.234 0.120    0.805\n"}
,{"stream_name":"stdout","time":1637.708925771,"data":"     1000       S4_Tiga_Fault EDM-Fuzzy     S3       226       0.597          0.665        0.316        0.872 0.1884        0.217 0.077    0.747\n"}
,{"stream_name":"stdout","time":1637.70892863,"data":"     1000       S4_Tiga_Fault EDM-Fuzzy     S4       226       0.588          0.648        0.316        0.849 0.1893        0.218 0.110    0.720\n"}
,{"stream_name":"stdout","time":1637.708938843,"data":"     1000       S4_Tiga_Fault JSD-Fuzzy     S1       208       0.692          0.670        0.041        0.976 0.0604        0.717 0.038    0.967\n"}
,{"stream_name":"stdout","time":1637.708942151,"data":"     1000       S4_Tiga_Fault JSD-Fuzzy     S2       208       0.562          0.591        0.040        0.973 0.0437        0.822 0.033    0.985\n"}
,{"stream_name":"stdout","time":1637.708945121,"data":"     1000       S4_Tiga_Fault JSD-Fuzzy     S3       208       0.644          0.683        0.041        0.973 0.0583        0.746 0.038    0.982\n"}
,{"stream_name":"stdout","time":1637.708948352,"data":"     1000       S4_Tiga_Fault JSD-Fuzzy     S4       208       0.625          0.667        0.040        0.973 0.0738        0.685 0.058    0.967\n"}
,{"stream_name":"stdout","time":1637.708951234,"data":"     1000      S5_Empat_Fault EDM-Fuzzy     S1        54       0.704          0.711        0.225        0.918 0.1302        0.375 0.120    0.885\n"}
,{"stream_name":"stdout","time":1637.708954144,"data":"     1000      S5_Empat_Fault EDM-Fuzzy     S2        54       0.204          0.462        0.111        0.896 0.1605        0.010 0.258    0.939\n"}
,{"stream_name":"stdout","time":1637.708957072,"data":"     1000      S5_Empat_Fault EDM-Fuzzy     S3        54       0.574          0.628        0.225        0.896 0.1229        0.497 0.107    0.889\n"}
,{"stream_name":"stdout","time":1637.708959947,"data":"     1000      S5_Empat_Fault EDM-Fuzzy     S4        54       0.796          0.800        0.498        0.918 0.0847        0.478 0.069    0.926\n"}
,{"stream_name":"stdout","time":1637.708962782,"data":"     1000      S5_Empat_Fault JSD-Fuzzy     S1        53       0.717          0.743        0.080        0.968 0.0453        0.777 0.064    0.958\n"}
,{"stream_name":"stdout","time":1637.708965658,"data":"     1000      S5_Empat_Fault JSD-Fuzzy     S2        53       0.170          0.248        0.040        0.962 0.0200        0.858 0.091    1.000\n"}
,{"stream_name":"stdout","time":1637.708968557,"data":"     1000      S5_Empat_Fault JSD-Fuzzy     S3        53       0.585          0.620        0.041        0.968 0.0423        0.826 0.064    0.971\n"}
,{"stream_name":"stdout","time":1637.708971592,"data":"     1000      S5_Empat_Fault JSD-Fuzzy     S4        53       0.887          0.896        0.653        0.968 0.0503        0.499 0.057    0.936\n"}
,{"stream_name":"stdout","time":1637.711480182,"data":"\n"}
,{"stream_name":"stdout","time":1637.711526041,"data":"Baca: Brier_skill \u003c= 0 berarti probabilitasnya belum lebih berguna daripada menyebut angka prevalensi; ECE \u003e 0,10 berarti kalibrasinya masih meleset.\n"}
,{"stream_name":"stdout","time":1638.894562961,"data":"=== Contoh keluaran per window — N=200 | S5_Empat_Fault | JSD-Fuzzy (end-to-end) ===\n"}
,{"stream_name":"stdout","time":1638.894610564,"data":" window  P(S1 rusak)  P(S2 rusak)  P(S3 rusak)  P(S4 rusak)  benar_S1  benar_S2  benar_S3  benar_S4 sensor_paling_mungkin sensor_rusak_sebenarnya\n"}
,{"stream_name":"stdout","time":1638.8946166,"data":"      0        0.046        0.950        0.950        0.046         0         1         1         0                    S2                   S2+S3\n"}
,{"stream_name":"stdout","time":1638.894621105,"data":"     14        0.038        0.958        0.958        0.455         0         1         1         0                    S2                   S2+S3\n"}
,{"stream_name":"stdout","time":1638.894625501,"data":"     24        0.958        0.958        0.958        0.958         1         1         1         1                    S2             S1+S2+S3+S4\n"}
,{"stream_name":"stdout","time":1638.894630316,"data":"     36        0.957        0.957        0.957        0.957         1         1         1         1                    S3             S1+S2+S3+S4\n"}
,{"stream_name":"stdout","time":1638.894657969,"data":"     55        0.958        0.038        0.958        0.958         1         0         1         1                    S3                S1+S3+S4\n"}
,{"stream_name":"stdout","time":1638.894663068,"data":"     75        0.055        0.055        0.055        0.961         0         0         0         1                    S4                      S4\n"}
,{"stream_name":"stdout","time":1638.894667359,"data":"     86        0.970        0.970        0.970        0.970         1         1         1         1                    S2             S1+S2+S3+S4\n"}
,{"stream_name":"stdout","time":1638.894671683,"data":"     96        0.958        0.958        0.958        0.958         1         1         1         1                    S3             S1+S2+S3+S4\n"}
,{"stream_name":"stdout","time":1638.894676007,"data":"    108        0.950        0.046        0.950        0.950         1         0         1         1                    S1                S1+S3+S4\n"}
,{"stream_name":"stdout","time":1638.89468039,"data":"    119        0.055        0.055        0.055        0.961         0         0         0         1                    S4                      S4\n"}
,{"stream_name":"stdout","time":1638.894684662,"data":"    135        0.970        0.970        0.970        0.970         1         1         1         1                    S3             S1+S2+S3+S4\n"}
,{"stream_name":"stdout","time":1638.894692276,"data":"    151        0.037        0.037        0.039        0.970         0         0         0         1                    S4                      S4\n"}
,{"stream_name":"stdout","time":1638.894698417,"data":"    163        0.958        0.038        0.958        0.958         1         0         1         1                    S4                S1+S3+S4\n"}
,{"stream_name":"stdout","time":1638.894702913,"data":"    187        0.949        0.048        0.317        0.934         1         0         0         1                    S1                   S1+S4\n"}
,{"stream_name":"stdout","time":1638.894707106,"data":"    199        0.949        0.583        0.950        0.950         1         0         1         1                    S3                S1+S3+S4\n"}
,{"stream_name":"stdout","time":1638.899119652,"data":"\n"}
,{"stream_name":"stdout","time":1638.899165051,"data":"Sensor dengan probabilitas tertinggi memang rusak pada 95.9% window (n=98). Pembanding acak = rata-rata prevalensi.\n"}
,{"stream_name":"stdout","time":1639.036156606,"data":"=== KONTROL A — dites pakai data yang dikondisikan bersih (tanpa fault) ===\n"}
,{"stream_name":"stdout","time":1639.036201502,"data":" N_window            Skenario    Metode  n_window_bersih  n_window_fault  FPR_alarm_palsu  Spesifisitas  Recall_fault  P_rusak_di_window_BERSIH  P_rusak_di_window_FAULT  Selisih\n"}
,{"stream_name":"stdout","time":1639.036208946,"data":"      200 S1_Normal_vs_Faulty EDM-Fuzzy              100             100            0.360         0.640         0.520                     0.641                    0.653    0.012\n"}
,{"stream_name":"stdout","time":1639.036213413,"data":"      200 S1_Normal_vs_Faulty JSD-Fuzzy              100             100            0.250         0.750         0.650                     0.536                    0.654    0.118\n"}
,{"stream_name":"stdout","time":1639.036217923,"data":"      200    S2_Fault_Tunggal EDM-Fuzzy              100             400            0.730         0.270         0.807                     0.635                    0.637    0.002\n"}
,{"stream_name":"stdout","time":1639.036222486,"data":"      200    S2_Fault_Tunggal JSD-Fuzzy              100             400            0.670         0.330         0.828                     0.628                    0.635    0.007\n"}
,{"stream_name":"stdout","time":1639.036245532,"data":"      200        S3_Dua_Fault EDM-Fuzzy              100             600            0.740         0.260         0.865                     0.606                    0.627    0.021\n"}
,{"stream_name":"stdout","time":1639.036250823,"data":"      200        S3_Dua_Fault JSD-Fuzzy              100             600            0.380         0.620         0.908                     0.432                    0.618    0.186\n"}
,{"stream_name":"stdout","time":1639.036256254,"data":"      200       S4_Tiga_Fault EDM-Fuzzy              100             400            0.510         0.490         0.860                     0.551                    0.632    0.081\n"}
,{"stream_name":"stdout","time":1639.036261267,"data":"      200       S4_Tiga_Fault JSD-Fuzzy              100             400            0.220         0.780         0.927                     0.239                    0.630    0.391\n"}
,{"stream_name":"stdout","time":1639.036266636,"data":"      200      S5_Empat_Fault EDM-Fuzzy              100             100            0.170         0.830         0.820                     0.479                    0.627    0.148\n"}
,{"stream_name":"stdout","time":1639.036271331,"data":"      200      S5_Empat_Fault JSD-Fuzzy              100             100            0.030         0.970         0.950                     0.080                    0.629    0.549\n"}
,{"stream_name":"stdout","time":1639.036277663,"data":"      700 S1_Normal_vs_Faulty EDM-Fuzzy               79              79            0.380         0.620         0.557                     0.644                    0.653    0.009\n"}
,{"stream_name":"stdout","time":1639.036282266,"data":"      700 S1_Normal_vs_Faulty JSD-Fuzzy               79              79            0.228         0.772         0.595                     0.548                    0.660    0.112\n"}
,{"stream_name":"stdout","time":1639.036286383,"data":"      700    S2_Fault_Tunggal EDM-Fuzzy               79             316            0.886         0.114         0.835                     0.618                    0.618    0.000\n"}
,{"stream_name":"stdout","time":1639.036290908,"data":"      700    S2_Fault_Tunggal JSD-Fuzzy               79             316            0.582         0.418         0.816                     0.595                    0.630    0.035\n"}
,{"stream_name":"stdout","time":1639.036295301,"data":"      700        S3_Dua_Fault EDM-Fuzzy               79             474            0.734         0.266         0.888                     0.609                    0.625    0.016\n"}
,{"stream_name":"stdout","time":1639.036299932,"data":"      700        S3_Dua_Fault JSD-Fuzzy               79             474            0.456         0.544         0.901                     0.457                    0.644    0.187\n"}
,{"stream_name":"stdout","time":1639.036304322,"data":"      700       S4_Tiga_Fault EDM-Fuzzy               79             316            0.468         0.532         0.880                     0.461                    0.629    0.168\n"}
,{"stream_name":"stdout","time":1639.036308963,"data":"      700       S4_Tiga_Fault JSD-Fuzzy               79             316            0.241         0.759         0.892                     0.209                    0.631    0.422\n"}
,{"stream_name":"stdout","time":1639.036313697,"data":"      700      S5_Empat_Fault EDM-Fuzzy               79              79            0.152         0.848         0.861                     0.257                    0.609    0.352\n"}
,{"stream_name":"stdout","time":1639.036318022,"data":"      700      S5_Empat_Fault JSD-Fuzzy               79              79            0.089         0.911         0.924                     0.123                    0.637    0.514\n"}
,{"stream_name":"stdout","time":1639.036322231,"data":"     1000 S1_Normal_vs_Faulty EDM-Fuzzy               55              55            0.345         0.655         0.527                     0.577                    0.587    0.010\n"}
,{"stream_name":"stdout","time":1639.036331423,"data":"     1000 S1_Normal_vs_Faulty JSD-Fuzzy               55              55            0.164         0.836         0.618                     0.519                    0.591    0.072\n"}
,{"stream_name":"stdout","time":1639.036336335,"data":"     1000    S2_Fault_Tunggal EDM-Fuzzy               55             220            0.691         0.309         0.818                     0.599                    0.601    0.002\n"}
,{"stream_name":"stdout","time":1639.036340533,"data":"     1000    S2_Fault_Tunggal JSD-Fuzzy               55             220            0.600         0.400         0.800                     0.578                    0.605    0.027\n"}
,{"stream_name":"stdout","time":1639.036357631,"data":"     1000        S3_Dua_Fault EDM-Fuzzy               55             330            0.745         0.255         0.894                     0.639                    0.652    0.013\n"}
,{"stream_name":"stdout","time":1639.036368185,"data":"     1000        S3_Dua_Fault JSD-Fuzzy               55             330            0.400         0.600         0.873                     0.540                    0.670    0.130\n"}
,{"stream_name":"stdout","time":1639.03637241,"data":"     1000       S4_Tiga_Fault EDM-Fuzzy               55             220            0.400         0.600         0.927                     0.462                    0.634    0.172\n"}
,{"stream_name":"stdout","time":1639.036376435,"data":"     1000       S4_Tiga_Fault JSD-Fuzzy               55             220            0.200         0.800         0.895                     0.266                    0.628    0.362\n"}
,{"stream_name":"stdout","time":1639.037021268,"data":"     1000      S5_Empat_Fault EDM-Fuzzy               55              55            0.182         0.818         0.800                     0.349                    0.637    0.288\n"}
,{"stream_name":"stdout","time":1639.037027989,"data":"     1000      S5_Empat_Fault JSD-Fuzzy               55              55            0.109         0.891         0.855                     0.200                    0.640    0.440\n"}
,{"stream_name":"stdout","time":1639.041591351,"data":"\n"}
,{"stream_name":"stdout","time":1639.041640821,"data":"Baca: Spesifisitas = benar menyebut 'normal' pada data yang memang bersih.\n"}
,{"stream_name":"stdout","time":1639.04164695,"data":"'Selisih' \u003e 0 berarti P(rusak) memang naik saat sensornya benar-benar rusak; kalau ~0, model tidak membedakan apa pun.\n"}
,{"stream_name":"stdout","time":1639.145505938,"data":"=== KONTROL B — window dengan TEPAT satu sensor rusak ===\n"}
,{"stream_name":"stdout","time":1639.145550877,"data":" N_window            Skenario    Metode  n_window_1sensor  Top1_tepat  Top2_tepat  Tebak_acak Lebih_baik_dari_acak\n"}
,{"stream_name":"stdout","time":1639.145556759,"data":"      200 S1_Normal_vs_Faulty EDM-Fuzzy                27       0.259       0.704        0.25                   ya\n"}
,{"stream_name":"stdout","time":1639.14556153,"data":"      200 S1_Normal_vs_Faulty JSD-Fuzzy                27       0.667       0.852        0.25                   ya\n"}
,{"stream_name":"stdout","time":1639.145565707,"data":"      200    S2_Fault_Tunggal EDM-Fuzzy                93       0.312       0.559        0.25                   ya\n"}
,{"stream_name":"stdout","time":1639.145569659,"data":"      200    S2_Fault_Tunggal JSD-Fuzzy                93       0.484       0.720        0.25                   ya\n"}
,{"stream_name":"stdout","time":1639.145574463,"data":"      200        S3_Dua_Fault EDM-Fuzzy               154       0.416       0.630        0.25                   ya\n"}
,{"stream_name":"stdout","time":1639.145578331,"data":"      200        S3_Dua_Fault JSD-Fuzzy               154       0.857       0.922        0.25                   ya\n"}
,{"stream_name":"stdout","time":1639.145606211,"data":"      200       S4_Tiga_Fault EDM-Fuzzy                97       0.598       0.814        0.25                   ya\n"}
,{"stream_name":"stdout","time":1639.14561079,"data":"      200       S4_Tiga_Fault JSD-Fuzzy                97       0.979       1.000        0.25                   ya\n"}
,{"stream_name":"stdout","time":1639.14561707,"data":"      200      S5_Empat_Fault EDM-Fuzzy                18       0.722       0.889        0.25                   ya\n"}
,{"stream_name":"stdout","time":1639.145626836,"data":"      200      S5_Empat_Fault JSD-Fuzzy                18       0.944       0.944        0.25                   ya\n"}
,{"stream_name":"stdout","time":1639.145630448,"data":"      700 S1_Normal_vs_Faulty EDM-Fuzzy                20       0.400       0.600        0.25                   ya\n"}
,{"stream_name":"stdout","time":1639.145633317,"data":"      700 S1_Normal_vs_Faulty JSD-Fuzzy                20       0.850       0.850        0.25                   ya\n"}
,{"stream_name":"stdout","time":1639.145636219,"data":"      700    S2_Fault_Tunggal EDM-Fuzzy                88       0.250       0.625        0.25                tidak\n"}
,{"stream_name":"stdout","time":1639.145639171,"data":"      700    S2_Fault_Tunggal JSD-Fuzzy                88       0.568       0.750        0.25                   ya\n"}
,{"stream_name":"stdout","time":1639.145642108,"data":"      700        S3_Dua_Fault EDM-Fuzzy               122       0.443       0.689        0.25                   ya\n"}
,{"stream_name":"stdout","time":1639.145644919,"data":"      700        S3_Dua_Fault JSD-Fuzzy               122       0.836       0.926        0.25                   ya\n"}
,{"stream_name":"stdout","time":1639.145649345,"data":"      700       S4_Tiga_Fault EDM-Fuzzy                76       0.658       0.842        0.25                   ya\n"}
,{"stream_name":"stdout","time":1639.14565232,"data":"      700       S4_Tiga_Fault JSD-Fuzzy                76       1.000       1.000        0.25                   ya\n"}
,{"stream_name":"stdout","time":1639.14565519,"data":"      700      S5_Empat_Fault EDM-Fuzzy                19       0.947       1.000        0.25                   ya\n"}
,{"stream_name":"stdout","time":1639.145657998,"data":"      700      S5_Empat_Fault JSD-Fuzzy                19       0.895       0.895        0.25                   ya\n"}
,{"stream_name":"stdout","time":1639.145660842,"data":"     1000 S1_Normal_vs_Faulty EDM-Fuzzy                12       0.417       0.417        0.25                   ya\n"}
,{"stream_name":"stdout","time":1639.145663626,"data":"     1000 S1_Normal_vs_Faulty JSD-Fuzzy                12       0.750       0.917        0.25                   ya\n"}
,{"stream_name":"stdout","time":1639.145666499,"data":"     1000    S2_Fault_Tunggal EDM-Fuzzy                66       0.364       0.576        0.25                   ya\n"}
,{"stream_name":"stdout","time":1639.145669287,"data":"     1000    S2_Fault_Tunggal JSD-Fuzzy                66       0.591       0.818        0.25                   ya\n"}
,{"stream_name":"stdout","time":1639.145672077,"data":"     1000        S3_Dua_Fault EDM-Fuzzy                78       0.372       0.526        0.25                   ya\n"}
,{"stream_name":"stdout","time":1639.145674951,"data":"     1000        S3_Dua_Fault JSD-Fuzzy                78       0.744       0.872        0.25                   ya\n"}
,{"stream_name":"stdout","time":1639.145677849,"data":"     1000       S4_Tiga_Fault EDM-Fuzzy                53       0.585       0.887        0.25                   ya\n"}
,{"stream_name":"stdout","time":1639.145680623,"data":"     1000       S4_Tiga_Fault JSD-Fuzzy                53       0.981       1.000        0.25                   ya\n"}
,{"stream_name":"stdout","time":1639.145759825,"data":"     1000      S5_Empat_Fault EDM-Fuzzy                11       1.000       1.000        0.25                   ya\n"}
,{"stream_name":"stdout","time":1639.145763341,"data":"     1000      S5_Empat_Fault JSD-Fuzzy                11       1.000       1.000        0.25                   ya\n"}
,{"stream_name":"stdout","time":1639.169831446,"data":"\n"}
,{"stream_name":"stdout","time":1639.16988987,"data":"Baca: Top1 = sensor dengan P(rusak) tertinggi memang sensor yang rusak. Pembanding tebak acak = 0,25.\n"}
,{"stream_name":"stdout","time":1639.169896817,"data":"\n"}
,{"stream_name":"stdout","time":1639.169901084,"data":"=== Rinci per sensor pada window 1-sensor-rusak ===\n"}
,{"stream_name":"stdout","time":1639.169905258,"data":" N_window            Skenario    Metode Sensor  n_window  Prevalensi  Akurasi  Precision  Recall    F1  ROC_AUC\n"}
,{"stream_name":"stdout","time":1639.169909553,"data":"      200 S1_Normal_vs_Faulty EDM-Fuzzy     S1        11       0.273    0.545      0.250   0.333 0.286    0.250\n"}
,{"stream_name":"stdout","time":1639.169914113,"data":"      200 S1_Normal_vs_Faulty EDM-Fuzzy     S2        11       0.273    0.273      0.143   0.333 0.200    0.500\n"}
,{"stream_name":"stdout","time":1639.169918645,"data":"      200 S1_Normal_vs_Faulty EDM-Fuzzy     S3        11       0.091    0.545      0.167   1.000 0.286    0.000\n"}
,{"stream_name":"stdout","time":1639.169922838,"data":"      200 S1_Normal_vs_Faulty EDM-Fuzzy     S4        11       0.364    0.273      0.250   0.500 0.333    0.429\n"}
,{"stream_name":"stdout","time":1639.16992709,"data":"      200 S1_Normal_vs_Faulty JSD-Fuzzy     S1        11       0.273    0.727      0.500   1.000 0.667    0.958\n"}
,{"stream_name":"stdout","time":1639.169932241,"data":"      200 S1_Normal_vs_Faulty JSD-Fuzzy     S2        11       0.182    0.818      0.500   1.000 0.667    1.000\n"}
,{"stream_name":"stdout","time":1639.16993605,"data":"      200 S1_Normal_vs_Faulty JSD-Fuzzy     S3        11       0.091    0.636      0.000   0.000 0.000    0.400\n"}
,{"stream_name":"stdout","time":1639.169940566,"data":"      200 S1_Normal_vs_Faulty JSD-Fuzzy     S4        11       0.455    0.818      0.800   0.800 0.800    0.933\n"}
,{"stream_name":"stdout","time":1639.169944393,"data":"      200    S2_Fault_Tunggal EDM-Fuzzy     S1        73       0.260    0.438      0.288   0.789 0.423    0.617\n"}
,{"stream_name":"stdout","time":1639.169948561,"data":"      200    S2_Fault_Tunggal EDM-Fuzzy     S2        73       0.247    0.425      0.269   0.778 0.400    0.548\n"}
,{"stream_name":"stdout","time":1639.16995285,"data":"      200    S2_Fault_Tunggal EDM-Fuzzy     S3        73       0.397    0.493      0.420   0.724 0.532    0.598\n"}
,{"stream_name":"stdout","time":1639.169957203,"data":"      200    S2_Fault_Tunggal EDM-Fuzzy     S4        73       0.096    0.315      0.094   0.714 0.167    0.639\n"}
,{"stream_name":"stdout","time":1639.16996129,"data":"      200    S2_Fault_Tunggal JSD-Fuzzy     S1        70       0.229    0.457      0.250   0.688 0.367    0.591\n"}
,{"stream_name":"stdout","time":1639.169966155,"data":"      200    S2_Fault_Tunggal JSD-Fuzzy     S2        70       0.300    0.643      0.455   0.952 0.615    0.716\n"}
,{"stream_name":"stdout","time":1639.169970793,"data":"      200    S2_Fault_Tunggal JSD-Fuzzy     S3        70       0.414    0.671      0.571   0.828 0.676    0.797\n"}
,{"stream_name":"stdout","time":1639.169977471,"data":"      200    S2_Fault_Tunggal JSD-Fuzzy     S4        70       0.057    0.514      0.105   1.000 0.190    0.746\n"}
,{"stream_name":"stdout","time":1639.169981691,"data":"      200        S3_Dua_Fault EDM-Fuzzy     S1       123       0.415    0.610      0.531   0.510 0.520    0.647\n"}
,{"stream_name":"stdout","time":1639.170014725,"data":"      200        S3_Dua_Fault EDM-Fuzzy     S2       123       0.163    0.504      0.203   0.700 0.315    0.642\n"}
,{"stream_name":"stdout","time":1639.170019808,"data":"      200        S3_Dua_Fault EDM-Fuzzy     S3       123       0.089    0.496      0.108   0.636 0.184    0.662\n"}
,{"stream_name":"stdout","time":1639.170024621,"data":"      200        S3_Dua_Fault EDM-Fuzzy     S4       123       0.333    0.537      0.392   0.707 0.504    0.678\n"}
,{"stream_name":"stdout","time":1639.170029202,"data":"      200        S3_Dua_Fault JSD-Fuzzy     S1       126       0.444    0.849      0.785   0.911 0.843    0.927\n"}
,{"stream_name":"stdout","time":1639.17003349,"data":"      200        S3_Dua_Fault JSD-Fuzzy     S2       126       0.159    0.857      0.526   1.000 0.690    0.972\n"}
,{"stream_name":"stdout","time":1639.170037463,"data":"      200        S3_Dua_Fault JSD-Fuzzy     S3       126       0.079    0.778      0.235   0.800 0.364    0.829\n"}
,{"stream_name":"stdout","time":1639.170041435,"data":"      200        S3_Dua_Fault JSD-Fuzzy     S4       126       0.317    0.786      0.614   0.875 0.722    0.873\n"}
,{"stream_name":"stdout","time":1639.170045543,"data":"      200       S4_Tiga_Fault EDM-Fuzzy     S1        72       0.278    0.736      0.515   0.850 0.642    0.823\n"}
,{"stream_name":"stdout","time":1639.170049753,"data":"      200       S4_Tiga_Fault EDM-Fuzzy     S2        72       0.125    0.625      0.235   0.889 0.372    0.850\n"}
,{"stream_name":"stdout","time":1639.17005343,"data":"      200       S4_Tiga_Fault EDM-Fuzzy     S3        72       0.167    0.667      0.312   0.833 0.455    0.697\n"}
,{"stream_name":"stdout","time":1639.170057256,"data":"      200       S4_Tiga_Fault EDM-Fuzzy     S4        72       0.431    0.819      0.765   0.839 0.800    0.842\n"}
,{"stream_name":"stdout","time":1639.170061126,"data":"      200       S4_Tiga_Fault JSD-Fuzzy     S1        77       0.273    0.935      0.808   1.000 0.894    0.971\n"}
,{"stream_name":"stdout","time":1639.170099982,"data":"      200       S4_Tiga_Fault JSD-Fuzzy     S2        77       0.156    0.935      0.706   1.000 0.828    0.992\n"}
,{"stream_name":"stdout","time":1639.170105281,"data":"      200       S4_Tiga_Fault JSD-Fuzzy     S3        77       0.156    0.935      0.706   1.000 0.828    1.000\n"}
,{"stream_name":"stdout","time":1639.17010977,"data":"      200       S4_Tiga_Fault JSD-Fuzzy     S4        77       0.416    0.948      0.889   1.000 0.941    0.967\n"}
,{"stream_name":"stdout","time":1639.170114148,"data":"      200      S5_Empat_Fault EDM-Fuzzy     S1        10       0.000    0.600      0.000   0.000 0.000      NaN\n"}
,{"stream_name":"stdout","time":1639.170118556,"data":"      200      S5_Empat_Fault EDM-Fuzzy     S2        10       0.000    0.700      0.000   0.000 0.000      NaN\n"}
,{"stream_name":"stdout","time":1639.17012393,"data":"      200      S5_Empat_Fault EDM-Fuzzy     S3        10       0.000    0.700      0.000   0.000 0.000      NaN\n"}
,{"stream_name":"stdout","time":1639.170128193,"data":"      200      S5_Empat_Fault EDM-Fuzzy     S4        10       1.000    0.900      1.000   0.900 0.947      NaN\n"}
,{"stream_name":"stdout","time":1639.170131716,"data":"      200      S5_Empat_Fault JSD-Fuzzy     S1        16       0.000    0.938      0.000   0.000 0.000      NaN\n"}
,{"stream_name":"stdout","time":1639.170136149,"data":"      200      S5_Empat_Fault JSD-Fuzzy     S2        16       0.000    0.875      0.000   0.000 0.000      NaN\n"}
,{"stream_name":"stdout","time":1639.170140144,"data":"      200      S5_Empat_Fault JSD-Fuzzy     S3        16       0.000    0.875      0.000   0.000 0.000      NaN\n"}
,{"stream_name":"stdout","time":1639.170144483,"data":"      200      S5_Empat_Fault JSD-Fuzzy     S4        16       1.000    0.938      1.000   0.938 0.968      NaN\n"}
,{"stream_name":"stdout","time":1639.170155175,"data":"      700 S1_Normal_vs_Faulty EDM-Fuzzy     S1        10       0.500    0.800      0.714   1.000 0.833    0.680\n"}
,{"stream_name":"stdout","time":1639.170159788,"data":"      700 S1_Normal_vs_Faulty EDM-Fuzzy     S2        10       0.200    0.700      0.333   0.500 0.400    0.688\n"}
,{"stream_name":"stdout","time":1639.17016392,"data":"      700 S1_Normal_vs_Faulty EDM-Fuzzy     S3        10       0.200    0.400      0.000   0.000 0.000    0.438\n"}
,{"stream_name":"stdout","time":1639.170168342,"data":"      700 S1_Normal_vs_Faulty EDM-Fuzzy     S4        10       0.100    0.700      0.250   1.000 0.400    0.889\n"}
,{"stream_name":"stdout","time":1639.170172662,"data":"      700 S1_Normal_vs_Faulty JSD-Fuzzy     S1         5       0.200    0.600      0.333   1.000 0.500    1.000\n"}
,{"stream_name":"stdout","time":1639.170178275,"data":"      700 S1_Normal_vs_Faulty JSD-Fuzzy     S2         5       0.400    1.000      1.000   1.000 1.000    1.000\n"}
,{"stream_name":"stdout","time":1639.170182471,"data":"      700 S1_Normal_vs_Faulty JSD-Fuzzy     S3         5       0.400    0.800      0.667   1.000 0.800    0.833\n"}
,{"stream_name":"stdout","time":1639.170186901,"data":"      700 S1_Normal_vs_Faulty JSD-Fuzzy     S4         5       0.000    0.800      0.000   0.000 0.000      NaN\n"}
,{"stream_name":"stdout","time":1639.170190824,"data":"      700    S2_Fault_Tunggal EDM-Fuzzy     S1        73       0.288    0.616      0.419   0.857 0.562    0.697\n"}
,{"stream_name":"stdout","time":1639.170195865,"data":"      700    S2_Fault_Tunggal EDM-Fuzzy     S2        73       0.301    0.452      0.320   0.727 0.444    0.516\n"}
,{"stream_name":"stdout","time":1639.170199816,"data":"      700    S2_Fault_Tunggal EDM-Fuzzy     S3        73       0.274    0.425      0.296   0.800 0.432    0.542\n"}
,{"stream_name":"stdout","time":1639.170203897,"data":"      700    S2_Fault_Tunggal EDM-Fuzzy     S4        73       0.137    0.384      0.128   0.600 0.211    0.492\n"}
,{"stream_name":"stdout","time":1639.170210134,"data":"      700    S2_Fault_Tunggal JSD-Fuzzy     S1        70       0.271    0.629      0.379   0.579 0.458    0.616\n"}
,{"stream_name":"stdout","time":1639.170214838,"data":"      700    S2_Fault_Tunggal JSD-Fuzzy     S2        70       0.300    0.714      0.512   1.000 0.677    0.906\n"}
,{"stream_name":"stdout","time":1639.170219357,"data":"      700    S2_Fault_Tunggal JSD-Fuzzy     S3        70       0.329    0.629      0.459   0.739 0.567    0.731\n"}
,{"stream_name":"stdout","time":1639.17022339,"data":"      700    S2_Fault_Tunggal JSD-Fuzzy     S4        70       0.100    0.500      0.132   0.714 0.222    0.667\n"}
,{"stream_name":"stdout","time":1639.170227687,"data":"      700        S3_Dua_Fault EDM-Fuzzy     S1       105       0.505    0.638      0.683   0.528 0.596    0.673\n"}
,{"stream_name":"stdout","time":1639.170231676,"data":"      700        S3_Dua_Fault EDM-Fuzzy     S2       105       0.133    0.590      0.226   0.857 0.358    0.819\n"}
,{"stream_name":"stdout","time":1639.170235345,"data":"      700        S3_Dua_Fault EDM-Fuzzy     S3       105       0.095    0.524      0.115   0.600 0.194    0.654\n"}
,{"stream_name":"stdout","time":1639.170239177,"data":"      700        S3_Dua_Fault EDM-Fuzzy     S4       105       0.267    0.571      0.345   0.679 0.458    0.679\n"}
,{"stream_name":"stdout","time":1639.17024303,"data":"      700        S3_Dua_Fault JSD-Fuzzy     S1       103       0.524    0.883      0.862   0.926 0.893    0.926\n"}
,{"stream_name":"stdout","time":1639.170246981,"data":"      700        S3_Dua_Fault JSD-Fuzzy     S2       103       0.146    0.835      0.469   1.000 0.638    0.935\n"}
,{"stream_name":"stdout","time":1639.170255678,"data":"      700        S3_Dua_Fault JSD-Fuzzy     S3       103       0.097    0.825      0.333   0.800 0.471    0.840\n"}
,{"stream_name":"stdout","time":1639.17026195,"data":"      700        S3_Dua_Fault JSD-Fuzzy     S4       103       0.233    0.796      0.535   0.958 0.687    0.915\n"}
,{"stream_name":"stdout","time":1639.170265958,"data":"      700       S4_Tiga_Fault EDM-Fuzzy     S1        58       0.259    0.828      0.632   0.800 0.706    0.825\n"}
,{"stream_name":"stdout","time":1639.170269998,"data":"      700       S4_Tiga_Fault EDM-Fuzzy     S2        58       0.172    0.690      0.333   0.800 0.471    0.841\n"}
,{"stream_name":"stdout","time":1639.170274041,"data":"      700       S4_Tiga_Fault EDM-Fuzzy     S3        58       0.241    0.707      0.452   1.000 0.622    0.810\n"}
,{"stream_name":"stdout","time":1639.170278481,"data":"      700       S4_Tiga_Fault EDM-Fuzzy     S4        58       0.328    0.776      0.594   1.000 0.745    0.843\n"}
,{"stream_name":"stdout","time":1639.170282501,"data":"      700       S4_Tiga_Fault JSD-Fuzzy     S1        51       0.275    0.922      0.778   1.000 0.875    1.000\n"}
,{"stream_name":"stdout","time":1639.170286741,"data":"      700       S4_Tiga_Fault JSD-Fuzzy     S2        51       0.196    0.922      0.714   1.000 0.833    1.000\n"}
,{"stream_name":"stdout","time":1639.170291701,"data":"      700       S4_Tiga_Fault JSD-Fuzzy     S3        51       0.157    0.961      0.800   1.000 0.889    1.000\n"}
,{"stream_name":"stdout","time":1639.17029577,"data":"      700       S4_Tiga_Fault JSD-Fuzzy     S4        51       0.373    0.941      0.864   1.000 0.927    0.988\n"}
,{"stream_name":"stdout","time":1639.170300038,"data":"      700      S5_Empat_Fault EDM-Fuzzy     S1        16       0.000    0.750      0.000   0.000 0.000      NaN\n"}
,{"stream_name":"stdout","time":1639.170304208,"data":"      700      S5_Empat_Fault EDM-Fuzzy     S2        16       0.000    0.688      0.000   0.000 0.000      NaN\n"}
,{"stream_name":"stdout","time":1639.170308227,"data":"      700      S5_Empat_Fault EDM-Fuzzy     S3        16       0.000    0.812      0.000   0.000 0.000      NaN\n"}
,{"stream_name":"stdout","time":1639.170311764,"data":"      700      S5_Empat_Fault EDM-Fuzzy     S4        16       1.000    1.000      1.000   1.000 1.000      NaN\n"}
,{"stream_name":"stdout","time":1639.170315459,"data":"      700      S5_Empat_Fault JSD-Fuzzy     S1        15       0.000    1.000      0.000   0.000 0.000      NaN\n"}
,{"stream_name":"stdout","time":1639.170320053,"data":"      700      S5_Empat_Fault JSD-Fuzzy     S2        15       0.000    1.000      0.000   0.000 0.000      NaN\n"}
,{"stream_name":"stdout","time":1639.170324375,"data":"      700      S5_Empat_Fault JSD-Fuzzy     S3        15       0.000    0.867      0.000   0.000 0.000      NaN\n"}
,{"stream_name":"stdout","time":1639.170328885,"data":"      700      S5_Empat_Fault JSD-Fuzzy     S4        15       1.000    1.000      1.000   1.000 1.000      NaN\n"}
,{"stream_name":"stdout","time":1639.170332805,"data":"     1000 S1_Normal_vs_Faulty EDM-Fuzzy     S1         7       0.286    0.429      0.250   0.500 0.333    0.500\n"}
,{"stream_name":"stdout","time":1639.170338177,"data":"     1000 S1_Normal_vs_Faulty EDM-Fuzzy     S2         7       0.143    0.714      0.333   1.000 0.500    1.000\n"}
,{"stream_name":"stdout","time":1639.170342903,"data":"     1000 S1_Normal_vs_Faulty EDM-Fuzzy     S3         7       0.143    0.143      0.000   0.000 0.000    0.000\n"}
,{"stream_name":"stdout","time":1639.170348076,"data":"     1000 S1_Normal_vs_Faulty EDM-Fuzzy     S4         7       0.429    0.571      0.500   0.667 0.571    0.667\n"}
,{"stream_name":"stdout","time":1639.170352876,"data":"     1000 S1_Normal_vs_Faulty JSD-Fuzzy     S1         7       0.143    0.714      0.333   1.000 0.500    1.000\n"}
,{"stream_name":"stdout","time":1639.170363518,"data":"     1000 S1_Normal_vs_Faulty JSD-Fuzzy     S2         7       0.429    0.857      0.750   1.000 0.857    1.000\n"}
,{"stream_name":"stdout","time":1639.170368169,"data":"     1000 S1_Normal_vs_Faulty JSD-Fuzzy     S3         7       0.143    0.714      0.333   1.000 0.500    0.833\n"}
,{"stream_name":"stdout","time":1639.170372633,"data":"     1000 S1_Normal_vs_Faulty JSD-Fuzzy     S4         7       0.286    1.000      1.000   1.000 1.000    1.000\n"}
,{"stream_name":"stdout","time":1639.170376415,"data":"     1000    S2_Fault_Tunggal EDM-Fuzzy     S1        55       0.255    0.545      0.323   0.714 0.444    0.645\n"}
,{"stream_name":"stdout","time":1639.170381557,"data":"     1000    S2_Fault_Tunggal EDM-Fuzzy     S2        55       0.291    0.473      0.303   0.625 0.408    0.567\n"}
,{"stream_name":"stdout","time":1639.170385783,"data":"     1000    S2_Fault_Tunggal EDM-Fuzzy     S3        55       0.345    0.473      0.361   0.684 0.473    0.575\n"}
,{"stream_name":"stdout","time":1639.170389542,"data":"     1000    S2_Fault_Tunggal EDM-Fuzzy     S4        55       0.109    0.255      0.051   0.333 0.089    0.418\n"}
,{"stream_name":"stdout","time":1639.170393604,"data":"     1000    S2_Fault_Tunggal JSD-Fuzzy     S1        49       0.286    0.796      0.600   0.857 0.706    0.884\n"}
,{"stream_name":"stdout","time":1639.170398013,"data":"     1000    S2_Fault_Tunggal JSD-Fuzzy     S2        49       0.245    0.653      0.414   1.000 0.585    0.872\n"}
,{"stream_name":"stdout","time":1639.170401961,"data":"     1000    S2_Fault_Tunggal JSD-Fuzzy     S3        49       0.388    0.796      0.714   0.789 0.750    0.825\n"}
,{"stream_name":"stdout","time":1639.170406264,"data":"     1000    S2_Fault_Tunggal JSD-Fuzzy     S4        49       0.082    0.551      0.125   0.750 0.214    0.678\n"}
,{"stream_name":"stdout","time":1639.170410578,"data":"     1000        S3_Dua_Fault EDM-Fuzzy     S1        67       0.463    0.642      0.595   0.710 0.647    0.687\n"}
,{"stream_name":"stdout","time":1639.170414878,"data":"     1000        S3_Dua_Fault EDM-Fuzzy     S2        67       0.179    0.448      0.195   0.667 0.302    0.585\n"}
,{"stream_name":"stdout","time":1639.170418907,"data":"     1000        S3_Dua_Fault EDM-Fuzzy     S3        67       0.075    0.373      0.089   0.800 0.160    0.587\n"}
,{"stream_name":"stdout","time":1639.170423257,"data":"     1000        S3_Dua_Fault EDM-Fuzzy     S4        67       0.284    0.478      0.310   0.684 0.426    0.501\n"}
,{"stream_name":"stdout","time":1639.170427105,"data":"     1000        S3_Dua_Fault JSD-Fuzzy     S1        59       0.525    0.864      0.848   0.903 0.875    0.906\n"}
,{"stream_name":"stdout","time":1639.170431884,"data":"     1000        S3_Dua_Fault JSD-Fuzzy     S2        59       0.136    0.763      0.333   0.750 0.462    0.846\n"}
,{"stream_name":"stdout","time":1639.17043651,"data":"     1000        S3_Dua_Fault JSD-Fuzzy     S3        59       0.068    0.797      0.214   0.750 0.333    0.832\n"}
,{"stream_name":"stdout","time":1639.170440206,"data":"     1000        S3_Dua_Fault JSD-Fuzzy     S4        59       0.271    0.797      0.571   1.000 0.727    0.929\n"}
,{"stream_name":"stdout","time":1639.170444827,"data":"     1000       S4_Tiga_Fault EDM-Fuzzy     S1        44       0.159    0.864      0.556   0.714 0.625    0.931\n"}
,{"stream_name":"stdout","time":1639.170449841,"data":"     1000       S4_Tiga_Fault EDM-Fuzzy     S2        44       0.114    0.705      0.278   1.000 0.435    0.785\n"}
,{"stream_name":"stdout","time":1639.170453791,"data":"     1000       S4_Tiga_Fault EDM-Fuzzy     S3        44       0.295    0.682      0.480   0.923 0.632    0.784\n"}
,{"stream_name":"stdout","time":1639.170464391,"data":"     1000       S4_Tiga_Fault EDM-Fuzzy     S4        44       0.432    0.795      0.708   0.895 0.791    0.775\n"}
,{"stream_name":"stdout","time":1639.170469239,"data":"     1000       S4_Tiga_Fault JSD-Fuzzy     S1        33       0.152    0.970      0.833   1.000 0.909    0.993\n"}
,{"stream_name":"stdout","time":1639.170473613,"data":"     1000       S4_Tiga_Fault JSD-Fuzzy     S2        33       0.182    0.939      0.750   1.000 0.857    1.000\n"}
,{"stream_name":"stdout","time":1639.170477538,"data":"     1000       S4_Tiga_Fault JSD-Fuzzy     S3        33       0.242    0.909      0.727   1.000 0.842    0.975\n"}
,{"stream_name":"stdout","time":1639.170481564,"data":"     1000       S4_Tiga_Fault JSD-Fuzzy     S4        33       0.424    0.970      0.933   1.000 0.966    0.992\n"}
,{"stream_name":"stdout","time":1639.170485879,"data":"     1000      S5_Empat_Fault EDM-Fuzzy     S1         5       0.000    0.800      0.000   0.000 0.000      NaN\n"}
,{"stream_name":"stdout","time":1639.170502044,"data":"     1000      S5_Empat_Fault EDM-Fuzzy     S2         5       0.000    1.000      0.000   0.000 0.000      NaN\n"}
,{"stream_name":"stdout","time":1639.170505955,"data":"     1000      S5_Empat_Fault EDM-Fuzzy     S3         5       0.000    1.000      0.000   0.000 0.000      NaN\n"}
,{"stream_name":"stdout","time":1639.170510452,"data":"     1000      S5_Empat_Fault EDM-Fuzzy     S4         5       1.000    1.000      1.000   1.000 1.000      NaN\n"}
,{"stream_name":"stdout","time":1639.170515036,"data":"     1000      S5_Empat_Fault JSD-Fuzzy     S1         9       0.000    1.000      0.000   0.000 0.000      NaN\n"}
,{"stream_name":"stdout","time":1639.170519403,"data":"     1000      S5_Empat_Fault JSD-Fuzzy     S2         9       0.000    1.000      0.000   0.000 0.000      NaN\n"}
,{"stream_name":"stdout","time":1639.170524137,"data":"     1000      S5_Empat_Fault JSD-Fuzzy     S3         9       0.000    1.000      0.000   0.000 0.000      NaN\n"}
,{"stream_name":"stdout","time":1639.170529062,"data":"     1000      S5_Empat_Fault JSD-Fuzzy     S4         9       1.000    1.000      1.000   1.000 1.000      NaN\n"}
,{"stream_name":"stdout","time":1639.295236411,"data":"=== RINGKASAN — diagram dijalankan penuh: performa, komputasi, sensor ===\n"}
,{"stream_name":"stdout","time":1639.295289222,"data":" N_window            Skenario    Metode  C_kelas  n_fitur  Akurasi  Precision  Recall    F1  F1_std                                   Hidden_terpilih  cpu_s_total  peak_mem_mb  infer_ms_per_window  F1_sensor  Semua_4_benar  AUC_sensor  Brier_sensor  Brier_skill_sensor  ECE_sensor\n"}
,{"stream_name":"stdout","time":1639.295296124,"data":"      200 S1_Normal_vs_Faulty EDM-Fuzzy        2       40    0.576      0.586   0.584 0.573   0.033                (128, 32); (128,); (32,); (64, 32)          8.2          3.7                0.137      0.568          0.170       0.542         0.298              -0.245       0.243\n"}
,{"stream_name":"stdout","time":1639.295299644,"data":"      200 S1_Normal_vs_Faulty JSD-Fuzzy        2      160    0.710      0.712   0.715 0.707   0.066        (128, 32); (128, 64, 32); (128,); (64, 16)          8.0         12.0                0.182      0.772          0.433       0.836         0.195               0.217       0.166\n"}
,{"stream_name":"stdout","time":1639.295303581,"data":"      200    S2_Fault_Tunggal EDM-Fuzzy        5       40    0.368      0.373   0.377 0.359   0.044               (128, 32); (128, 64); (128, 64, 32)         80.0          9.9                0.077      0.628          0.149       0.536         0.264              -0.059       0.125\n"}
,{"stream_name":"stdout","time":1639.295306782,"data":"      200    S2_Fault_Tunggal JSD-Fuzzy        5      160    0.525      0.535   0.534 0.519   0.019                    (128,); (32,); (64, 32); (64,)         31.8         12.1                0.092      0.726          0.362       0.710         0.224               0.094       0.097\n"}
,{"stream_name":"stdout","time":1639.295363805,"data":"      200        S3_Dua_Fault EDM-Fuzzy        7       40    0.334      0.345   0.337 0.333   0.047 (128, 32); (128, 64, 32); (128,); (32,); (64, 32)         31.4          9.4                0.048      0.712          0.275       0.699         0.225               0.086       0.078\n"}
,{"stream_name":"stdout","time":1639.295370144,"data":"      200        S3_Dua_Fault JSD-Fuzzy        7      160    0.601      0.614   0.599 0.598   0.028                                 (128, 32); (128,)         21.2         13.9                0.071      0.887          0.666       0.919         0.104               0.567       0.060\n"}
,{"stream_name":"stdout","time":1639.295377424,"data":"      200       S4_Tiga_Fault EDM-Fuzzy        5       40    0.521      0.529   0.520 0.518   0.047                       (128, 32); (128, 64); (32,)          9.8          7.5                0.067      0.762          0.319       0.768         0.203               0.164       0.090\n"}
,{"stream_name":"stdout","time":1639.29538223,"data":"      200       S4_Tiga_Fault JSD-Fuzzy        5      160    0.683      0.687   0.682 0.680   0.051                          (128, 64); (128,); (64,)         10.5         13.9                0.074      0.955          0.855       0.974         0.046               0.802       0.045\n"}
,{"stream_name":"stdout","time":1639.295391576,"data":"      200      S5_Empat_Fault EDM-Fuzzy        2       40    0.825      0.830   0.822 0.821   0.012                        (128, 32); (32,); (64, 32)          3.8          4.2                0.132      0.832          0.495       0.890         0.147               0.356       0.135\n"}
,{"stream_name":"stdout","time":1639.29539519,"data":"      200      S5_Empat_Fault JSD-Fuzzy        2      160    0.959      0.963   0.954 0.957   0.023                 (128, 64); (32,); (64, 16); (64,)          4.6         10.4                0.149      0.970          0.898       0.996         0.023               0.891       0.060\n"}
,{"stream_name":"stdout","time":1639.29539841,"data":"      700 S1_Normal_vs_Faulty EDM-Fuzzy        2       40    0.578      0.574   0.571 0.570   0.076                        (128, 32); (32,); (64, 16)          4.1          4.0                0.154      0.613          0.270       0.663         0.290              -0.201       0.251\n"}
,{"stream_name":"stdout","time":1639.295401586,"data":"      700 S1_Normal_vs_Faulty JSD-Fuzzy        2      160    0.685      0.693   0.688 0.682   0.036                     (128, 32); (64, 16); (64, 32)          6.6          8.4                0.222      0.795          0.492       0.782         0.201               0.182       0.146\n"}
,{"stream_name":"stdout","time":1639.295404679,"data":"      700    S2_Fault_Tunggal EDM-Fuzzy        5       40    0.372      0.355   0.379 0.355   0.053  (128, 32); (128, 64); (128,); (64, 16); (64, 32)         44.9          7.2                0.079      0.600          0.138       0.549         0.264              -0.056       0.126\n"}
,{"stream_name":"stdout","time":1639.295408622,"data":"      700    S2_Fault_Tunggal JSD-Fuzzy        5      160    0.579      0.591   0.582 0.569   0.052           (128, 32); (128, 64, 32); (128,); (64,)         73.9         12.9                0.103      0.748          0.395       0.784         0.205               0.174       0.108\n"}
,{"stream_name":"stdout","time":1639.295411825,"data":"      700        S3_Dua_Fault EDM-Fuzzy        7       40    0.392      0.393   0.397 0.388   0.030     (128, 32); (128, 64); (128, 64, 32); (64, 32)         44.5          9.8                0.075      0.717          0.292       0.706         0.221               0.101       0.087\n"}
,{"stream_name":"stdout","time":1639.295419093,"data":"      700        S3_Dua_Fault JSD-Fuzzy        7      160    0.601      0.604   0.601 0.592   0.056                    (128, 32); (128, 64); (64, 16)         13.2         17.0                0.070      0.898          0.672       0.925         0.099               0.588       0.078\n"}
,{"stream_name":"stdout","time":1639.2954231,"data":"      700       S4_Tiga_Fault EDM-Fuzzy        5       40    0.508      0.536   0.510 0.511   0.013     (128, 32); (128, 64); (128,); (32,); (64, 32)          9.4          6.7                0.086      0.804          0.448       0.813         0.169               0.301       0.107\n"}
,{"stream_name":"stdout","time":1639.295440181,"data":"      700       S4_Tiga_Fault JSD-Fuzzy        5      160    0.624      0.630   0.626 0.622   0.027         (128, 32); (128, 64, 32); (64, 32); (64,)          8.5         12.3                0.102      0.961          0.870       0.985         0.038               0.837       0.045\n"}
,{"stream_name":"stdout","time":1639.295446448,"data":"      700      S5_Empat_Fault EDM-Fuzzy        2       40    0.855      0.855   0.857 0.855   0.036              (128, 64); (64, 16); (64, 32); (64,)          4.3          5.0                0.145      0.899          0.738       0.916         0.092               0.590       0.100\n"}
,{"stream_name":"stdout","time":1639.295452448,"data":"      700      S5_Empat_Fault JSD-Fuzzy        2      160    0.922      0.927   0.919 0.921   0.025                           (128,); (64, 16); (64,)          5.1          7.2                0.210      0.980          0.925       0.988         0.023               0.877       0.041\n"}
,{"stream_name":"stdout","time":1639.295459093,"data":"     1000 S1_Normal_vs_Faulty EDM-Fuzzy        2       40    0.593      0.595   0.594 0.590   0.038        (128, 64); (128, 64, 32); (128,); (64, 32)          4.9          5.4                0.201      0.544          0.146       0.616         0.279              -0.196       0.224\n"}
,{"stream_name":"stdout","time":1639.295464096,"data":"     1000 S1_Normal_vs_Faulty JSD-Fuzzy        2      160    0.734      0.746   0.733 0.727   0.088         (128, 32); (128, 64, 32); (32,); (64, 16)          5.0         10.5                0.277      0.773          0.488       0.748         0.211               0.151       0.201\n"}
,{"stream_name":"stdout","time":1639.295468957,"data":"     1000    S2_Fault_Tunggal EDM-Fuzzy        5       40    0.376      0.391   0.391 0.372   0.046                        (128,); (64, 16); (64, 32)         21.5          3.7                0.105      0.580          0.165       0.543         0.261              -0.046       0.110\n"}
,{"stream_name":"stdout","time":1639.295473832,"data":"     1000    S2_Fault_Tunggal JSD-Fuzzy        5      160    0.553      0.556   0.562 0.530   0.032                       (128, 64); (128,); (64, 32)         27.0         12.8                0.143      0.740          0.388       0.766         0.207               0.168       0.111\n"}
,{"stream_name":"stdout","time":1639.295478658,"data":"     1000        S3_Dua_Fault EDM-Fuzzy        7       40    0.422      0.447   0.433 0.422   0.056                    (128, 64, 32); (32,); (64, 32)         23.5          8.0                0.089      0.721          0.292       0.662         0.231               0.050       0.087\n"}
,{"stream_name":"stdout","time":1639.295483565,"data":"     1000        S3_Dua_Fault JSD-Fuzzy        7      160    0.540      0.546   0.542 0.536   0.095                (128, 32); (128,); (64, 32); (64,)          8.8         11.0                0.096      0.886          0.671       0.895         0.121               0.482       0.084\n"}
,{"stream_name":"stdout","time":1639.295488561,"data":"     1000       S4_Tiga_Fault EDM-Fuzzy        5       40    0.566      0.572   0.569 0.563   0.053                (128, 64); (128,); (64, 32); (64,)          5.5          6.6                0.098      0.812          0.447       0.796         0.173               0.285       0.118\n"}
,{"stream_name":"stdout","time":1639.295498596,"data":"     1000       S4_Tiga_Fault JSD-Fuzzy        5      160    0.649      0.666   0.646 0.641   0.041                    (128,); (32,); (64, 32); (64,)          6.2          8.7                0.133      0.942          0.827       0.975         0.059               0.742       0.042\n"}
,{"stream_name":"stdout","time":1639.295503785,"data":"     1000      S5_Empat_Fault EDM-Fuzzy        2       40    0.809      0.809   0.807 0.806   0.096                        (128, 32); (32,); (64, 16)          2.9          3.5                0.194      0.842          0.667       0.910         0.125               0.340       0.138\n"}
,{"stream_name":"stdout","time":1639.29551348,"data":"     1000      S5_Empat_Fault JSD-Fuzzy        2      160    0.872      0.894   0.872 0.867   0.059                                     (128,); (32,)          3.8          7.2                0.261      0.929          0.906       0.966         0.039               0.740       0.069\n"}
,{"stream_name":"stdout","time":1639.331672527,"data":"[t+  27.1 min] selesai\n"}
,{"stream_name":"stderr","time":1645.537908497,"data":"/usr/local/lib/python3.12/dist-packages/mistune.py:435: SyntaxWarning: invalid escape sequence '\\|'\n"}
,{"stream_name":"stderr","time":1645.537956443,"data":"  cells[i][c] = re.sub('\\\\\\\\\\|', '|', cell)\n"}
,{"stream_name":"stderr","time":1645.803941033,"data":"/usr/local/lib/python3.12/dist-packages/nbconvert/filters/filter_links.py:36: SyntaxWarning: invalid escape sequence '\\_'\n"}
,{"stream_name":"stderr","time":1645.80397179,"data":"  text = re.sub(r'_', '\\_', text) # Escape underscores in display text\n"}
,{"stream_name":"stderr","time":1646.679243132,"data":"[NbConvertApp] Converting notebook __notebook__.ipynb to notebook\n"}
,{"stream_name":"stderr","time":1647.170997676,"data":"[NbConvertApp] Writing 1044051 bytes to __notebook__.ipynb\n"}
,{"stream_name":"stderr","time":1650.487149051,"data":"[NbConvertApp] Converting notebook __notebook__.ipynb to html\n"}
,{"stream_name":"stderr","time":1652.1791941,"data":"[NbConvertApp] Support files will be in __results___files/\n"}
,{"stream_name":"stderr","time":1652.179236173,"data":"[NbConvertApp] Making directory __results___files\n"}
,{"stream_name":"stderr","time":1652.179827475,"data":"[NbConvertApp] Making directory __results___files\n"}
,{"stream_name":"stderr","time":1652.180197106,"data":"[NbConvertApp] Making directory __results___files\n"}
,{"stream_name":"stderr","time":1652.180603713,"data":"[NbConvertApp] Making directory __results___files\n"}
,{"stream_name":"stderr","time":1652.180979295,"data":"[NbConvertApp] Making directory __results___files\n"}
,{"stream_name":"stderr","time":1652.181338513,"data":"[NbConvertApp] Writing 831178 bytes to __results__.html\n"}
]